X1,X2,X3,in_trial,S,A,Y
.49076766,.62564552,1.8801689,1,3,0,3.77911
-1.405082,-.90905333,-1.440991,0,0,0,-4.2908006
-.20405062,-.10123361,.042891204,1,3,1,.49957645
2.1097264,2.1586616,.19436343,1,2,1,-3.5439265
.44607741,-1.2237884,1.4324229,0,0,1,-1.8404046
-.32318708,.6042155,1.2252465,1,3,1,-.76649803
.75942498,.46638408,.33165756,1,1,0,3.4307477
-1.2571903,-1.0562181,1.1124326,0,0,1,2.9861188
-.71446633,-.7268365,-.55608398,0,0,0,.47742182
.11753014,-.67262733,-1.5812203,0,0,1,1.8460071
-.32684419,.91679323,-.32254437,0,0,1,.025618792
-1.2138269,-1.6056677,-.55191511,0,0,0,-.56758457
-.0088207358,.73879278,-.081232317,1,3,0,-.33496785
1.6266673,1.7568678,1.0942612,1,2,0,6.734292
-1.2964181,-.93227625,.69616044,0,0,1,2.1117885
1.0520542,1.1886739,.35714009,1,1,1,-2.1222503
.99188972,-1.3944424,.22642753,0,0,1,-.9988721
.19314058,-.79984659,-1.1859789,0,0,0,1.1091369
-.031180497,1.0481395,1.0676379,1,1,0,2.9372098
-.22836432,-.80786824,1.1037294,0,0,1,.66678858
-.80839455,.072679095,-.26658967,0,0,1,2.3045075
1.0876504,3.5192103,.65375668,1,2,0,7.6747627
.30100417,-.17834178,.22878875,0,0,0,1.9173365
-1.7664535,-.36450341,-.46661097,0,0,0,-.82610846
-.66128236,-1.0432754,-.88395417,0,0,0,-1.0891211
.25200027,-1.6785004,.64758396,0,0,1,2.299021
.7165699,-.35799319,-.067867033,1,1,1,-.087759338
-.46692502,-1.7612405,-.81394553,1,3,0,-2.4061918
.43625548,-.43991989,.96010518,0,0,1,-.85708213
1.0373176,.69702047,.072196387,1,3,1,-1.1515048
-.97381359,-1.1751657,-1.3951128,1,3,0,-2.858423
.58372152,1.0460507,1.2518179,0,0,0,5.8713927
-.84713024,-.0072839605,.33857417,0,0,1,1.35207
-.49866116,-1.1606593,-1.7217019,0,0,1,3.2348266
2.0011263,2.9354589,.5411315,1,2,0,5.5670018
-.48914775,-.12636867,-1.0023208,0,0,0,.98533809
-1.8821077,-1.5763873,-.64020753,0,0,0,-3.0081813
-.33279485,-.51010627,-1.4692246,0,0,0,.31325579
-1.2786045,-1.2298048,-.90251738,0,0,1,2.7415581
1.3927394,1.5456655,.57084697,0,0,1,-3.2514343
-1.230221,-1.3814139,-1.0743903,0,0,1,4.5046835
-.01388622,.26692396,.97547334,0,0,0,2.2513089
.86636788,-.44304523,.5472753,1,3,1,-.37348747
.95122093,1.2437114,-.48003778,1,3,1,-2.1539917
-.83969486,-.18724348,-.84430671,0,0,1,3.9754634
-.28817636,-.36059779,-.20653999,0,0,0,.57297873
.20255226,-.68357795,-.16749416,0,0,0,.39260572
1.1824317,2.2079213,.37987858,1,1,0,6.3366618
-.10281754,-2.0127416,.1192015,1,1,0,1.130982
.080367438,-.014707477,-.42366624,1,3,1,-1.0906827
-.087127373,-1.2903655,.093934871,0,0,0,-.30120376
-4.6046028,-2.2017627,-2.3659158,0,0,0,-7.0930362
-1.2314786,-1.5887361,-1.936808,0,0,1,4.6793647
-.67127216,-1.7269846,-1.4181348,0,0,0,-4.1104631
-.28422257,1.4801717,.49986887,0,0,1,.39876446
.98441541,-.49354726,-.81901032,0,0,0,-.95156074
1.9815198,.46513441,.19831355,1,2,1,-1.2466208
1.7494136,1.6144309,.93084329,1,2,0,4.650352
-.63492578,-1.8017684,-1.8365976,0,0,0,-2.4413424
.47227165,2.2119915,1.0456427,0,0,0,5.8310976
.23678079,.071803465,.71940148,0,0,0,2.082386
-.58435959,-.29831269,-.73522526,0,0,1,2.7436318
-.24074063,-.33896628,.49395421,1,3,0,1.3709072
.68745512,.76023889,.014209785,1,3,0,4.4945035
-.42457569,-.47474563,-.79306966,0,0,0,-.11277904
.87057704,1.3015566,1.0088274,1,1,0,4.2803087
.71678776,.94791526,-.6245532,0,0,1,-.79192793
.72467881,.92289972,-.22016099,1,1,0,4.6474953
.9416343,1.2863989,.8316434,1,3,0,2.4412289
-1.3678128,-.44265425,-1.1433465,1,3,0,-1.8726599
.68476808,-.08569134,-.41955581,0,0,1,-2.0917068
.99405104,.66409397,.095892005,0,0,1,.051869795
-.58414972,.12682298,-1.8284461,0,0,1,1.4370793
-.67650235,.093095288,-1.0260388,1,3,1,1.2514855
.89941615,.34924561,-.80719936,1,2,1,-1.4144109
-.83505917,-.52510208,-.23889796,0,0,1,1.8299375
-.52820718,1.70579,-.2213845,1,1,1,-.16180874
.86865014,1.2575938,1.742509,1,1,0,3.7212048
-.37533233,-.28767285,.025896978,0,0,0,.18140678
1.1933485,.59913683,.42474145,1,3,1,-.72014725
-.44021836,-1.0409009,.14866175,1,3,1,.17304182
-.71451807,-.10314554,-1.6733109,0,0,0,.51774764
.21707591,.33584365,-.72905242,1,3,0,2.4426646
-.0072847577,.67142349,-.17996201,1,3,0,1.0497473
-.82358187,-.26056486,-.74634051,0,0,1,2.6704805
-1.7631447,-1.2614456,-1.3583041,0,0,1,3.9216671
.35658765,.25307441,-.027263252,0,0,1,.10718773
-.80639267,-.20627293,.93037015,0,0,0,.73235101
.51174158,-.75075346,-.49525163,0,0,0,2.7082551
-.83841491,-2.0539284,-.021578306,0,0,1,3.3941588
-2.1150761,.0089043472,-.2779676,0,0,0,-1.0107636
-1.3906771,-2.3492126,-.14868005,0,0,0,-1.833988
.66943032,.19192053,1.1889406,1,3,0,4.7857599
1.0427219,1.5658478,.77124685,1,3,0,3.7847145
-.44949913,-1.040683,-1.0677224,0,0,0,-2.5543237
.41517854,1.6782082,1.0838823,1,2,1,-3.1546531
.65061277,1.1399072,-.31269044,0,0,1,.96851718
-.16457415,.37328747,-.46037075,0,0,0,2.3504109
.66217399,.28596273,.90636122,0,0,0,1.265801
-1.4031411,-.47656384,-2.2024238,0,0,1,5.0836196
.6981709,-.21680364,1.2097161,1,1,0,3.454211
-.59387058,-.22400381,.2842955,0,0,1,1.8131747
.4090369,.47711575,.27141029,1,1,1,-.16809754
-.25928098,.48451522,.14086223,1,1,1,1.0265553
-1.256723,-1.2362516,-1.4483606,0,0,0,-3.4324062
1.566938,-.050327819,.4932451,1,2,0,2.6264744
.92149216,1.3807025,-.89029753,1,1,0,3.4206197
.97018808,.84930623,-.29457214,1,3,0,3.5554662
1.3046291,.24332663,.44270566,1,2,1,-2.9936876
-1.287164,-.2604138,.62333614,1,3,0,1.1727815
-1.071511,-1.0648141,-2.2264583,0,0,1,5.2213087
.91767925,.72651219,.13707899,0,0,1,-1.222393
-.54964131,.19856554,-1.2489887,0,0,1,1.6148361
-2.1943088,-.92162132,-2.3925195,0,0,1,6.7394361
.5136953,-.64791691,.93326396,0,0,0,1.673126
1.0433347,1.3516097,.75533473,1,3,0,5.9158874
1.3958644,.73574954,.69780385,1,3,1,-1.0081542
-.51766163,-.2612727,.69620037,1,3,1,.19334251
.14420547,.85343933,.018274924,1,1,1,-1.6878802
.48403344,.71623719,-.66111177,0,0,0,2.6510231
-.065470837,1.5012336,.44685981,1,1,0,5.4199963
1.0184788,-.19294994,1.0343127,1,1,1,.16069949
.26108837,.7229386,.30158156,1,1,1,-1.1190704
1.7047724,.86423993,1.5666759,1,1,0,5.7862411
.045565873,.011415764,-1.6851223,0,0,1,1.2368662
.45214918,.21143465,-.87697625,1,1,1,-1.6819381
1.4442796,.94238818,.98725188,1,2,0,3.9167755
.18538086,-.55473596,.16747336,1,3,0,1.2470998
1.5259724,.33909556,1.1278484,1,3,1,-1.9842821
-.37796649,-.3480874,-.045367863,1,3,0,2.2463541
-.41573763,-1.0194178,-1.1101303,0,0,1,1.2999631
-1.3913261,-.78730381,-1.4504704,0,0,1,3.8080406
-.84015185,-.23487033,-.6264677,0,0,1,2.280103
-1.1005924,.0098571833,-.59479475,1,3,0,-.72140443
-1.2342998,-1.0587546,1.8296105,1,3,0,-.099170923
-.49129137,.22410281,.50840592,0,0,0,3.6220057
-.92984521,.0030330501,1.0621227,1,3,1,.28614482
.32996562,.67881513,1.2951411,1,1,0,2.4495318
-.96561027,-.15808678,-.70647788,0,0,0,-.70745301
-.69499463,-1.6534238,-.89481992,0,0,0,-1.3370955
-.47956812,-1.4510754,-1.1849823,0,0,1,4.5308089
.7822181,.54904991,1.8523381,1,3,0,4.8009028
.27963373,-.49937263,.95091319,0,0,1,.72940999
-1.6793623,-1.6223241,-.62541503,0,0,0,-3.4657779
-1.0619723,-1.28218,-.88210845,0,0,1,4.1457701
.48033786,.6513539,.43001351,1,2,0,3.0662861
-.58354479,-.71450734,-.25491199,1,3,1,3.3056006
.46653727,1.6355078,1.7400081,1,2,1,-3.9534793
.85133886,1.1611251,.16930035,1,3,1,-1.0433916
.48708332,.7769599,-.12658411,0,0,0,2.3636112
-1.3486853,-1.3742537,-1.6000198,0,0,1,5.4810562
.77205664,-.41761768,-.16588461,1,1,0,3.3548744
-.33947566,-.051756114,-.53442854,1,3,1,2.0774658
.19203511,-.28155228,1.0599228,1,1,1,-.097676493
-1.6383796,-2.1934202,-2.140142,0,0,0,-3.8492994
-1.2688026,-.56386918,.16362646,0,0,1,1.9181788
1.4699742,1.1231591,1.6626368,1,2,0,6.7502165
.15481371,.54390246,-.020995473,0,0,0,3.4832854
-.29572603,-.40578121,-.34351093,0,0,1,2.0044179
-.56353712,-.56259274,-.13837409,1,3,0,1.5335512
.71302897,1.0645679,.056977008,1,3,1,.47379807
-.90437979,-.7810244,-1.2572608,0,0,0,-2.1579654
.6082316,1.407256,1.0874879,1,1,1,-2.9296319
1.131781,-.75413698,.8338533,1,1,0,4.4147477
1.7001443,.36113784,1.2196746,1,3,0,3.4839346
-1.0167075,-.3568134,-.78591967,0,0,1,4.3370657
-.09167932,.3571164,.51172316,0,0,1,.20154175
-.14613211,.13647559,.3474344,1,3,1,1.0075741
-.19174881,.86747062,-.02727077,1,2,1,-1.620627
.24724847,-1.0272419,-.90135419,0,0,1,2.0427852
1.0881934,1.1615087,.22878247,1,1,1,-2.0021341
.58672893,-.056617644,.049135443,0,0,0,1.8897406
.10631574,-1.228412,-.76888829,0,0,0,-.7722609
-1.2183732,-1.0973319,-2.0405147,0,0,0,-3.4521642
1.8715848,.62741816,1.4951462,1,1,1,-2.9559402
-1.1882375,-.60486746,-1.1866249,0,0,1,5.4710808
.024004169,.46641433,.28573573,1,3,1,.61485535
.094095469,-.36473814,.099536233,1,3,0,2.5984392
-1.2072177,.15663703,-1.2685947,0,0,0,-.79726881
.042784356,.9162448,.69139904,1,3,1,.28397414
-.6117081,-.97559881,-.37232333,0,0,0,-1.6631736
-.050005686,-.82963884,-1.1483419,0,0,1,2.3454194
.92289817,-.50315678,.5932036,1,3,1,1.2626816
2.032439,.22022222,1.8975973,1,2,1,-4.4069285
.65380317,1.3398656,-.068923779,1,3,1,.7965222
-1.8708575,-1.6214722,.013729734,0,0,0,-.79752147
.49354735,.12524916,-.32226893,0,0,1,.22363833
.77050906,-.36023027,2.1444674,1,1,1,-1.5201688
.58298022,.15792571,.47127199,1,3,1,-.87061661
1.0950973,-1.6479528,.18354794,1,1,0,1.5477968
.19059493,-1.0501978,.035727609,1,3,0,1.1783367
-.99748188,-1.5523872,-1.2931342,0,0,0,-1.8264301
1.0175729,1.9835879,.86959708,1,2,1,-3.2115846
-.20707867,.3018764,.5254218,0,0,0,4.4639716
-1.2395123,.10714576,.084434256,0,0,1,2.5197809
2.2252047,1.3504157,.9983741,1,3,1,-3.4171891
-.95703429,.19935119,-1.2603991,1,3,1,2.5313067
-1.4814428,-2.5392196,-2.410176,0,0,1,7.6996713
-.72905958,.48661149,.48935688,0,0,1,1.105814
.24958004,-.20648818,.57742316,0,0,0,1.9539973
-.49817377,.24637501,.61109436,0,0,0,-.19380236
-1.172871,-.52064383,.11087139,0,0,1,1.9694436
-1.357152,-1.9467384,-.83696908,0,0,0,-1.0540099
-1.1401391,-1.3831768,-.63563347,0,0,0,-2.2869012
1.6212292,.78394294,1.4563233,1,2,1,-2.7894347
-.663544,-.40244338,1.4686563,1,3,0,1.8910886
-.61343157,.45578745,-.051451139,0,0,0,2.1940045
-.76077729,-.89144832,.034090411,1,3,1,2.7557781
.44318113,.50306958,1.2881963,1,1,0,4.0630555
-.67879206,.020086735,.46042165,0,0,1,1.2832975
-1.0812396,.52410376,-.33104604,0,0,0,1.750396
.24574193,.6568113,-.16242483,1,1,0,2.4582374
-.37538978,1.1883845,1.809586,1,3,0,4.1091723
.18113488,.88242573,2.1145277,1,2,1,-1.6043324
-.41043431,-1.4743155,-.41630358,0,0,0,.10673821
.56299788,-.3423571,.77300984,1,3,1,-1.4222536
.63502115,1.1010699,.72211778,1,2,1,-2.4291141
1.4124762,1.3099865,.6967231,1,1,1,-2.0648777
-.2808564,-1.6086555,.51138473,1,2,1,.16388713
-.73768622,-.70066845,-.010602602,0,0,0,.22094777
-3.0539558,-.16933627,-1.9633299,0,0,1,4.0797882
.50914121,-.0071661645,.47359249,1,3,1,-1.8568588
-.18723966,.62261307,.81983852,1,3,0,2.6200373
-.50127304,.69716787,.22067718,0,0,0,.90241677
1.2822076,-.045379352,.36122957,0,0,1,-2.621526
.53126639,.5967716,2.1510324,1,1,1,-4.1824508
-.50085682,.77913517,1.2908461,1,3,0,4.1804566
-.68334234,-1.807099,.25241762,0,0,0,-.083494008
.23835371,.54717785,.6346373,0,0,1,1.0802226
.38714394,-.59743208,.74979663,1,3,1,-.097225301
1.0423298,.079428144,1.4579413,0,0,1,-3.9944575
.60919505,1.0150003,-.10961068,1,3,1,-.66590619
.2005723,.53716505,-.42964834,1,1,1,-.80297977
.4260591,-.10543451,.10599722,1,3,1,.31051153
-1.4677292,-1.686205,-.83905584,0,0,0,-2.8139005
-.67157167,.10892165,-.26477507,1,3,1,.7787348
.43471196,-.97225577,.015020499,1,3,0,.4627763
.11429074,-.39243305,.3872664,1,3,1,1.1694345
-.10930229,-1.1633849,.6442588,1,2,0,3.0396993
-.18438859,-.29402471,2.223597,1,2,0,3.4012902
.36352649,-.83347636,-.34516069,0,0,0,2.167155
-.57755589,-1.1782142,-.99290532,0,0,0,-1.8176885
-1.0611013,-.40267909,-1.3103067,0,0,0,-1.6818167
-1.3116745,-.67471188,-1.1117868,0,0,1,3.943049
1.2003764,.036501545,.42458951,1,3,0,3.9541104
-.14103483,1.5784149,.17296854,0,0,0,3.9370222
1.5443152,.51597583,1.4138269,1,3,1,-1.14376
-.045415655,-.85130668,-1.4675609,0,0,1,2.3677981
-1.0881342,-.84088314,-1.2292767,0,0,1,3.4503028
-.65211117,-.34521389,-.13679372,0,0,1,1.8355172
-.6922543,-.96100318,.74249542,0,0,0,-1.3867445
.286506,.67115343,-.12002409,0,0,1,.45313612
.36536005,1.0602582,1.5877101,1,1,1,-3.5811255
.56192577,.58543175,1.0839434,1,1,1,-1.566551
.99122649,-.2842496,-.49943393,0,0,0,.15324955
.72784919,-.16374619,1.9751005,1,3,0,4.4599967
.19806284,1.4770138,.86419284,1,1,1,-2.5530331
-.42045492,-.79796672,.11236773,0,0,0,.93204832
.90411359,.1089628,1.5241724,0,0,1,-2.9203775
-1.4458479,-2.0559196,-.83254188,0,0,0,-2.8701644
.49927253,-1.1870329,-.88065845,1,1,1,1.1443298
.375956,.17048702,.31071523,1,3,0,3.0233834
-.31872445,-1.0262014,-.29426864,0,0,0,1.7642519
-.57780039,-.80362678,-1.1456321,0,0,1,1.7767886
-.94658589,.19711751,-.32362369,0,0,0,-.38716769
-.84280652,.42843083,-.47100347,1,3,0,1.2926458
.25501925,1.1894256,1.0086793,0,0,0,3.3585169
.91389489,-.33339733,-.17974076,0,0,0,1.9869465
-.53093565,-.90568525,.71553922,0,0,1,1.2644074
-1.4488214,-2.9398143,-2.4935639,0,0,1,6.0922179
.17811881,1.0686896,.74800968,1,1,1,-.42753747
1.0115414,.35805663,.11613854,1,3,1,-1.2728932
-1.3913102,-3.066488,-.4368791,0,0,1,6.1028709
-.41138092,-.79935795,-.74595231,0,0,0,-.20668733
-1.1620871,-.77297491,-.52663386,0,0,0,-1.5908229
-.00010451289,1.248271,1.2757438,1,1,0,5.3539119
-.19715379,-1.3964806,-1.3853731,0,0,1,2.9444237
.0031778237,-1.3462107,-1.8054911,0,0,0,-3.3932049
.56319302,1.1104869,.36001363,1,1,1,-2.0523825
-1.6801944,.037039235,-.67962533,0,0,0,-.368765
-.010496697,.09521506,-.52145594,1,3,1,3.4858031
.96024191,.30265439,-.16878046,1,3,0,3.2091389
-.3876493,-1.1260389,-.61273479,0,0,0,-1.7540647
.31816867,-.3882603,1.1511097,1,3,0,.50742316
.80975956,-.4096528,.92628723,1,2,0,3.3295972
.80621368,-.44874817,-.53240371,0,0,1,.31737515
.45017174,.38180855,-.26449898,1,3,1,-.21579327
-.69316351,-.44436991,-.56208456,0,0,1,.36451137
-.37240285,-.32143572,-.99505162,0,0,0,-.017617552
.59732985,.49341321,.23130277,1,3,1,.43088999
1.0340391,.70484805,1.0012438,1,1,0,5.6403327
-.32874924,1.0253557,.13894567,1,1,1,-1.0048943
.69409096,-1.2735343,-.47110441,1,1,1,.2618916
-.11444718,.0029142608,1.2087395,1,1,1,-.67376709
-.6164251,.079031892,.073549204,1,3,0,.36199462
-1.1577533,-1.4148999,-.68989605,0,0,1,3.5915096
.61244798,.029052377,.54043674,1,1,1,-1.5008749
.23813847,-.65793669,-.021108409,0,0,1,-.67507499
-2.1230965,-1.3909277,.052991088,0,0,1,4.5105238
1.671891,.91000855,.072193593,1,2,0,5.3298783
.60618508,.55672097,1.2376933,1,3,1,-2.0170074
.87513286,.66970491,-.13911606,1,3,1,-.07302703
-.25398171,-.3977477,-.27613515,1,3,1,2.1719384
-.37204298,-.55667287,-1.2635921,0,0,0,-.11652878
-1.0607439,-.53424484,.38563886,1,3,1,1.9812053
.40029711,-.45138469,-.32553473,0,0,1,.30870751
.16093871,-.79862934,-.61445868,0,0,1,2.9154732
-.082367659,.50295901,1.4455756,1,1,0,1.3196005
.53286368,-2.1885369,-1.0949304,0,0,1,2.6295755
-.11181556,.92740303,-.60319781,1,2,1,.13737795
.044484422,.010314716,-.84805816,0,0,1,.66151792
-.70916039,1.4412674,-.67386377,0,0,1,.86931956
-.3023195,-.91196424,-.65390432,0,0,1,2.6418407
2.0074337,2.2804294,1.7722234,1,2,0,7.5986114
.78168952,1.2679523,.78027666,1,3,1,-1.5072932
-.77202833,-.93417096,-.59967786,0,0,0,-1.0428435
.44904202,-.6780138,-.34190339,1,3,0,-.75542498
.30946192,-.42256621,-.87806427,0,0,0,-.19061075
-.67252249,-1.981007,-2.4075394,0,0,1,5.1742349
.63681608,-1.1085258,-.46546677,0,0,1,.87089521
1.8675908,1.2158542,.89406592,1,1,1,-3.4410448
-.026247414,.043468848,-1.4990331,0,0,0,-1.0663241
.090665415,-1.1380173,1.3522296,1,3,0,2.2480502
-1.1321545,.14946337,-.9395408,0,0,1,1.7710733
-1.6340137,-1.171896,-.58249182,0,0,0,-1.4343536
-.20627125,.80246711,.69650209,1,3,0,1.7752808
-1.3115164,-.43386292,-.55314052,0,0,1,1.4903272
-1.464837,-1.1723255,-2.2445457,0,0,0,-1.9138919
-.08947403,-1.0546191,-1.1213663,0,0,1,3.4006519
-.55180806,-1.2418751,-1.1246794,0,0,1,3.5619605
.53184307,-.098108307,-1.6167171,0,0,0,-.56290454
.85697538,1.7201959,.94692045,1,1,1,-2.4380751
-.57978964,-.89420342,-.073454738,0,0,0,1.1833829
-.13689435,-.4019123,-.09795507,1,1,0,.23544097
.11516757,-1.3094465,-.12659608,1,3,1,1.5007168
-.25429747,.22337204,.5519408,0,0,0,2.3024399
.84176749,1.3058335,.98295158,1,3,1,-5.2730122
1.5551724,1.334005,1.2604643,1,2,0,4.5486894
.45680675,-.23406151,1.5611844,1,3,0,3.0359116
2.0344748,.9484641,.57569295,1,1,0,4.8348846
.58531117,.14730942,-.26744044,0,0,1,1.9609592
-.19159581,-.23431154,-.50295126,0,0,1,2.8473175
.21029478,-2.0377283,.14684696,0,0,0,-.57736182
-.54460818,.54541999,-.66646862,1,3,0,.36931711
-.86840278,-.86483967,-2.0075507,0,0,1,2.7527261
.9511857,.91569495,.53524643,1,2,0,4.2852502
1.0335233,-.065754928,-.21888582,1,1,0,.68169016
.03891018,-.3134293,.046631534,1,1,0,3.0208528
-.6467607,-.19428901,.19300167,1,3,1,.45847219
1.47587,.99772394,1.0859617,1,1,0,3.6514976
-.58642733,-1.9101193,-1.9754609,0,0,1,5.7704439
.17964259,-.84289974,-.28235161,0,0,1,1.8203487
-1.1490234,-1.0675856,-1.1261994,0,0,1,2.527261
.76933229,.69962907,.3136304,1,3,1,-.90195322
.14483517,-.19665575,.91068625,1,1,0,2.3140609
-1.1187891,.87283736,.30793408,1,3,0,1.3789241
1.918498,-.31278113,.38359216,1,1,1,-2.0794351
-.69753259,.55018151,-.31291494,1,1,1,1.7057029
.44978216,-.46593949,.8018623,1,1,0,2.6916785
-.75159836,-.8077507,.032522965,0,0,0,-1.1133553
-1.8015571,-.60335624,-1.8355983,0,0,1,3.5904434
-1.0000725,-1.126025,-1.3129252,0,0,1,5.1626034
1.9985397,1.5770259,.1440046,1,2,1,-2.6562417
-1.4539719,.061979018,1.0379946,1,1,0,2.7824965
-.28779897,-1.1630471,-1.5435011,0,0,1,2.0356925
.64675808,.26049557,1.0889386,0,0,1,-.67915618
.4811936,1.2356371,.31101292,1,1,1,-2.0420146
-.37011862,-.43858236,-.047535684,0,0,1,1.7114071
.60001117,.86123317,-.17942479,1,3,1,1.0268953
1.0223558,1.6799202,2.019165,1,2,0,7.2159162
2.2658372,1.5997317,1.84163,1,2,0,6.0001764
-1.2101787,-.88136399,-.28759733,1,3,1,3.05794
2.1139793,1.2321475,2.1815581,1,2,0,7.4589863
1.7488121,2.1097345,2.5563653,1,3,1,-5.2248182
.22851706,1.0996839,-1.7457749,0,0,0,1.2091057
-.08027859,-.20258898,-.7823773,0,0,0,.33930925
.18713337,-.69026268,-.82789207,0,0,0,1.1441742
-1.0188333,-.61550844,-.041344754,0,0,1,2.9756784
.69600666,-.68510664,.66348815,1,3,0,1.1335043
.3241519,-.026081428,.24601364,1,3,0,-.033809766
-1.8796111,-1.419626,-.00071194989,0,0,0,-2.4127021
-.61520875,.044771418,-.24565098,0,0,1,1.9638751
-.89783216,-1.9603943,-1.473949,0,0,1,4.1399093
-.63904613,-1.245243,-1.0610981,0,0,1,2.383285
-2.8896251,-2.926403,-2.3602417,0,0,1,8.1674204
-.44294095,-.27365348,.80247247,1,1,0,1.285161
.1574558,.14247565,-.044671763,1,3,1,-.20179752
-.61903155,-1.3270335,-1.09026,0,0,0,-1.3528099
.61943233,.14340432,.20134188,1,2,1,-1.2888663
.62589973,.13172393,.27365232,0,0,1,-.31771225
.39783195,.79586691,-.26126331,1,3,1,-.86097729
-1.600157,-.3262184,-.23053674,0,0,1,2.669199
.65544641,.63000965,.76654929,1,2,1,-1.4859729
.5988875,1.8370042,1.0155396,1,2,1,-3.4646118
.49866971,1.6061391,1.3729014,1,2,0,5.0344372
.34899291,.82778358,-.30168352,1,3,0,.45003656
.065183416,-.0007071711,-.34493655,0,0,0,1.7242026
1.041324,1.3246546,.6123718,0,0,0,5.2762408
-.60581303,.85010105,-.048742685,0,0,0,.95383114
.85691828,.25707895,1.8769677,1,3,1,-2.9915013
.68928057,-.33668748,-.57079887,0,0,0,1.7655352
.38362131,1.1963054,1.982573,1,2,1,-3.5830803
-.38326633,-.68091494,.13091524,1,2,0,-1.2737657
-.69336593,1.3148849,.95809996,0,0,1,-1.01292
-.96569169,.16786365,-.67432123,0,0,1,2.1586168
1.1308415,-.082762606,1.6462936,1,2,0,4.7736077
-.37586924,-.31814045,-.23872453,0,0,0,-.040872894
.64353669,.81987101,1.0236155,1,1,1,-2.3775268
.19237591,2.27653,-.85096025,1,3,0,2.2192211
.61591262,-.17788863,.19762301,1,3,1,-.38243622
-.55656701,.76355481,.51018584,1,3,1,1.1292974
-.95503408,-.53857315,-1.3152742,0,0,1,2.091619
.62923074,-2.7930036,.51981473,0,0,1,4.6366448
-.31571785,1.2831192,.77352208,1,3,1,-3.9664993
-1.1098281,-.59156579,-1.00924,0,0,0,-.25253752
.2704719,.92343748,1.171664,1,1,1,-2.5175812
1.6571156,.36292288,-.12766148,1,2,0,3.590569
-.65131819,-.21690711,.78975296,1,3,0,-.28609899
-.38803795,-.5035426,-.71603751,1,3,0,-2.1387162
-.22493765,-.84039593,-.44967142,0,0,1,2.525336
-.28975892,-2.1079257,.49985939,0,0,0,-.063736781
-.91749513,.039241549,-1.0433984,0,0,1,1.4608438
-.69589835,.77515256,-1.5307277,0,0,1,2.5588219
1.6457435,-.15036464,1.4680721,1,1,0,3.5637875
-.14569907,1.5177789,2.0670314,1,2,0,5.4982748
1.6670768,1.1242183,1.5327069,1,3,1,-4.4609079
.87564367,.37317732,.80402827,0,0,1,-2.3856392
-1.0852463,.91436237,.53831905,0,0,0,.63747638
1.1919209,-.73053575,.55072469,1,1,1,-1.7502693
-1.4743031,-.38220701,-1.5748291,0,0,0,-1.548864
.58999825,2.092591,.38497952,1,2,1,-2.4685028
-1.4133099,-.80749708,-.18574375,0,0,1,2.2287984
-.61894304,-2.5349543,.48328197,0,0,0,-.62700617
-.76351601,.43240058,-.31516778,1,3,0,-.016604079
1.0562381,.5702616,1.0657461,1,1,1,-1.2187541
.61223423,-.40323648,-.61824685,1,1,1,.29906958
-.80019426,-.39966503,1.993132,1,3,0,2.0527887
.74927545,1.8157059,.13529296,1,3,1,-1.5953205
-.98674309,-1.221982,-.59006393,0,0,1,3.6524034
.08740443,1.2537735,.47577411,0,0,1,-3.2166097
-1.8856037,-1.8341676,-.85034013,0,0,1,6.1922975
.62053537,.48597369,1.6394045,1,1,0,5.4824944
.49472478,.34274727,-.25501937,0,0,0,1.7096395
1.3578657,-.39402148,2.5940731,1,3,1,-1.7106003
1.8614609,.235732,1.2220333,1,3,0,4.3848042
-.21425039,-.32995558,.50103462,0,0,0,.51439816
-.6933257,-.22627851,-1.6373876,0,0,0,-1.6981828
.41075721,.61549544,.7471931,1,1,0,2.8743098
.14730909,1.2599906,-.88303274,1,3,0,2.2147152
1.4397775,1.5384985,.84591669,1,3,1,-3.3863878
.46573684,.29179084,-.44351822,0,0,1,-.7044515
-.8051641,-.51614052,-.61207938,0,0,0,2.6431463
.40830895,1.0825334,.045726638,1,3,1,-2.4205928
1.9184464,.30357432,.63862199,1,1,0,3.7096937
.44582254,1.031902,-.66644061,0,0,0,2.5963948
-.84819478,.094389528,.73325735,1,3,0,1.3407453
-.11768319,1.9319893,1.1853266,1,2,0,4.5064754
.87581861,-1.1423126,-.76548785,0,0,1,2.1941133
1.2152725,.20698079,2.6178601,1,2,1,-3.3632119
-.48327211,-1.0389616,-.37530571,1,1,0,.73046196
.43073219,.33714449,-1.3018862,0,0,0,2.1790676
-.03941239,.67060661,-.99471647,0,0,1,-.40818712
-.5219202,.029008513,.33378187,0,0,0,1.6363906
-1.3118376,-1.893474,.074115291,0,0,1,4.8147368
-.80270946,-.61766106,-.82525998,1,3,1,3.0336356
.20339946,-.12080778,-.81522685,0,0,0,.41514078
.35559669,.78175235,1.6469911,1,3,1,-3.5489511
.91043055,.41451615,1.0252916,1,2,1,-1.5184153
1.5038105,1.214864,.59386861,1,1,1,-1.8460954
-1.5105382,1.4714047,-1.1689395,0,0,1,-.64510292
-.499881,.086458758,-1.4079602,0,0,1,1.0953435
-.73078793,-.45349628,-.36268947,1,3,1,1.5125507
.14853166,1.3128302,-.20444022,1,3,1,-.39811793
2.0605409,.28631157,.25328952,1,1,0,4.3197846
.028108845,.654374,-1.2304021,0,0,1,-.46630502
-.040043078,1.0611094,-.27315137,1,3,0,1.7096992
-3.2234159,-1.0451607,-1.5824648,0,0,0,-3.6382563
.12659928,-.81841218,.69705081,0,0,0,1.5906144
-.15989387,.53415525,-.17699553,1,2,1,1.0045328
-.14953826,-.7668128,-1.1496017,0,0,1,3.8958695
.31068167,.61589575,.32788485,1,3,1,.067152835
.10248266,.86929315,-1.2550575,0,0,1,1.8090391
.12144934,-.6090461,.36342075,0,0,0,.2184187
-.73713905,1.09426,-.54499012,0,0,0,1.2478166
-.73173881,.52853435,.51492041,1,1,0,.87008578
-.077880472,-.25552425,.72228116,0,0,0,2.6740553
2.0442402,.24088468,.11413392,1,2,1,-1.0649981
-.36946142,-1.2747605,-.87759626,0,0,0,-1.6067761
-1.0124801,-.7294383,.62304258,1,3,1,-.21087459
2.0158143,-1.4924767,-.55302405,0,0,0,2.0736473
-1.4135934,-.91146249,-.95780629,0,0,0,-1.4609687
-2.5763144,-1.2101599,-2.3242912,0,0,0,-6.3902893
2.6032703,.70793945,.87527901,1,2,0,5.384798
1.1909158,.34476492,.053358812,1,3,1,.71984279
.24735053,.009220914,1.4004495,1,2,0,1.5675242
.50139612,.32350305,-.15514968,1,3,1,.63454652
.055538584,-.84965932,-.56497043,0,0,0,-.090082489
-.25185493,-.61765927,-2.3998539,0,0,0,-3.4676774
.32498163,-1.4221135,-.09826646,0,0,0,1.3455404
-1.6161184,-.76121306,-1.8293649,0,0,0,-4.6520863
2.4425282,2.8917711,1.5166705,1,2,1,-6.675354
-1.0671111,-1.0684351,-.75869405,0,0,0,-.10350186
.17800042,-.13817994,.37840623,1,3,1,-.75845492
.97930855,-.43352538,.6304484,0,0,1,-.46578243
-.0054584364,.24415445,-.13643594,0,0,0,2.2367127
-1.3072817,-.74012655,-1.7845968,1,3,0,-3.2273979
-.80787927,-.19379888,-.089898705,0,0,1,2.0554616
.34366262,2.988595,-.68603694,1,1,1,-3.0274701
.77537018,.29299003,-.6677556,0,0,0,2.833123
.44399279,1.1779999,-1.3975254,1,1,0,2.9865649
.9835124,1.5571113,-1.5752881,1,1,0,3.8919902
-.21694149,-.45963809,.13282134,1,3,0,.48507014
1.7267066,.10613372,-.40194553,1,3,0,3.8613431
1.4113861,1.0812014,1.0107924,1,3,1,-4.7106266
-2.3776248,-1.903357,-3.1795077,0,0,1,8.0484848
-2.1354623,.82166451,.49875811,0,0,1,1.8072733
-.0020338541,.85099876,.35683349,0,0,0,2.4617867
.085944399,.46747401,-1.4087814,1,3,1,1.2051859
-.24166061,-.040755861,1.4615505,0,0,0,1.480512
-1.7848904,-2.6553986,-3.1266694,0,0,0,-5.9931331
.25687346,.26925588,-.032646481,0,0,0,.83931875
-.15249264,-.59513831,.81229168,1,3,1,-.70092189
.68355274,.17916949,-.44731429,0,0,0,.88736928
-.35887048,.88777298,-.52000171,0,0,0,.66945732
.055569787,.36104217,-.50517082,0,0,0,-.19949464
1.4338634,.40085158,.20484193,0,0,1,-1.7097852
-1.8642083,-.17358583,-1.5765703,0,0,1,2.94871
-1.0242783,-2.3065743,-1.4114826,0,0,0,-4.6515231
1.0400081,-.51185012,-.15399061,0,0,0,1.9659637
-.56068772,-.73105472,.19928254,0,0,0,.34484464
1.2909378,-.23754798,-1.4732518,1,1,1,-.4832063
1.5615051,-.65638697,-.31280363,0,0,1,-.19520728
-.16473486,-1.2598401,-.23188725,0,0,1,1.8090874
.40448052,.63853812,1.1286389,1,1,0,4.6159782
-1.3121756,.29679763,-.89010447,0,0,0,-.046749253
.39146417,-.83227849,-.41516253,1,3,1,1.5622255
.069667488,1.6030122,1.2300667,1,2,0,4.8080292
1.5407892,.41570178,1.7864742,1,3,1,-3.3643365
-1.028101,-1.6254932,-1.2239143,0,0,0,-.80640078
.94099665,1.8498807,1.8867779,1,3,1,-5.0830526
-.12124296,-.94715452,-1.2322243,0,0,1,3.6365914
.8845045,-.39806125,-.16552068,1,3,0,2.1257479
.67911273,1.0848258,.31532401,0,0,1,-.18414792
1.710531,.20600304,2.2225394,1,1,1,-4.2865839
-.13004002,.61640579,-.098041594,0,0,0,2.0286989
-.38087606,-1.4396343,-.031708341,0,0,0,-.81395781
-1.0388743,-1.3174264,-.94587433,0,0,0,-1.9753659
.33404741,.36321682,-.2427619,1,1,0,2.3944666
-1.8716301,-1.7363311,-.82810521,1,1,1,6.2509284
.53359038,.47242871,-.70961946,1,3,1,1.2819375
-.43359485,.21907859,-.93560481,0,0,0,.10114017
.74971759,-.79966241,-.53878492,0,0,1,3.4486928
-.39431733,-.67985433,-1.0685015,0,0,0,-2.7251453
-.10619729,-.95587277,-.89294523,0,0,0,-.86523384
-.50873363,-.078229316,-.44336799,0,0,1,-.78130388
.2089932,.43626994,-.33412898,1,3,0,2.6001346
1.274102,1.1497711,-.16100246,0,0,0,3.6888993
-.37882429,-.72273582,-.1295107,0,0,0,.10369035
.25932315,1.1790299,.4671542,1,1,1,.23410274
-1.8903471,-.036472347,-.17358066,1,3,0,-.80346036
1.5047715,-.39760935,.77817845,1,2,0,4.2969894
.69673234,.074260764,.34997731,1,3,1,-.82369906
-.10194169,.057122145,-.19367447,0,0,1,-1.3971314
.39617357,1.1377666,.29125968,0,0,0,3.9288573
-1.0885597,-.38355902,.28819051,0,0,0,-.38864985
.48553547,.91337103,-.72141683,0,0,0,1.7380121
.36391261,1.077073,.33129862,1,2,1,.014721199
1.3666651,.0031775003,.32554629,1,2,1,-2.3038528
1.2444795,-.11688417,.40158746,1,1,1,-.015937304
1.0704108,-.66576481,.999524,1,3,1,-1.5390185
-2.2254763,-.80192918,-.83610952,0,0,0,-1.8880534
-.80760598,.72122586,1.016363,1,3,0,2.3120558
-.84820026,-1.6034629,.0176262,0,0,0,-1.5533856
-.9354561,-.93416125,-2.3454359,0,0,1,5.6093521
-1.0336165,-.35438859,-.042489473,0,0,1,1.9456168
.90434217,2.0725701,1.3914536,1,2,1,-4.3900414
.71251047,2.8143337,1.7893363,1,1,1,-4.2038283
-.43434376,-.75443363,.18834846,0,0,1,1.9219326
.21316756,-.61250174,-.33488744,1,1,1,.68206453
1.5722754,1.8833572,2.2058492,1,2,0,7.0726662
2.1271238,2.5041609,1.866733,1,2,1,-6.6697764
-1.5720943,-2.1217377,.29238114,0,0,1,4.067008
-.64029086,.21443298,-.12948611,0,0,0,.37680945
-.28857338,-1.2299834,-.1143403,0,0,0,1.1532611
1.2161055,.018843826,.5889498,1,3,1,-.41109255
1.8602294,1.7199504,-.32551172,1,3,0,5.1103525
-.40512249,-.20962459,.39909258,0,0,1,.6160953
.29147404,1.034552,1.1737901,1,1,1,-1.1740034
-.57352203,.17381719,-.57720286,0,0,1,1.1561755
.72036731,-.45798993,-.72002852,0,0,1,.67960513
1.3606621,.87977892,.18616875,1,3,0,3.5827596
2.0897987,.88521034,-.12307817,0,0,0,5.1545773
-.62017173,-1.3995386,-.53368121,0,0,1,3.6151557
.21347019,.67837024,.070771798,0,0,1,-1.4519043
1.2937936,1.2717839,1.5169119,1,2,0,4.9603767
-.78197622,-.78219455,-.15947753,1,3,1,.60286546
-.52040458,-1.10824,-1.4916722,0,0,1,5.0845523
-2.0433187,-1.4435132,-1.3429666,0,0,0,-2.3647535
.072032057,.37527278,1.0686072,1,3,1,.6370576
1.6641906,2.4912987,1.6276782,1,1,0,6.316925
.74833149,.074602604,-1.7195582,0,0,1,1.2907915
.25954035,.831065,2.0958869,1,2,1,-2.7749918
.73320735,.0037056569,1.0448064,0,0,0,3.0477505
-.0033604151,.5136894,-.76865447,1,3,1,.60120291
1.784717,-.17219743,1.3184854,1,2,0,3.2900484
.17686895,.70108414,.40377736,1,3,1,-1.0113708
-.38114434,1.1322651,-.015539113,1,3,0,1.2193544
-1.477823,-1.1054219,-.080012433,1,3,0,-.68906373
-.51196748,-1.5663594,-.45841902,0,0,0,.37295926
.30654815,.47804332,.25709605,1,3,1,-1.0441016
.20094383,.6632008,1.0221454,1,2,1,-1.3358914
1.2710057,-1.0764668,.70274419,0,0,1,-.28600484
.013054073,-.240766,-.048325799,0,0,1,1.0522023
.47363421,-.24427195,.51474398,0,0,0,2.9639161
-.49158266,.17718558,1.3546031,0,0,1,-1.2999914
-.34310296,.16171207,.17085443,0,0,0,1.618771
-.84276831,-1.8485748,-1.1892601,0,0,1,5.5936565
.99850905,1.8561913,.65345842,1,1,0,4.9718051
-.52778322,.97178119,-.64669526,0,0,1,.31495413
.43150142,-.20097011,.19180879,1,1,0,1.9339116
-.28977996,.8533383,-.17471217,1,3,1,1.267013
.67608678,-.025379771,.019069934,1,3,1,-1.0988435
-1.0747191,-.40327525,.63011944,1,3,1,1.0516239
.41656005,.06731271,2.3827765,1,2,0,4.6186061
-.58325976,-1.0394777,-1.1263741,1,1,0,-1.354349
.63956743,.36644447,.82258004,0,0,1,-2.0619516
.86709452,-.56884694,.23927666,0,0,1,1.2404834
.73422337,-1.7101729,-.15520859,0,0,1,.72126561
1.3200336,.64774495,2.1177292,1,2,0,5.6969118
1.5931753,-.084648781,.28967318,1,1,1,-.10411218
-.34105876,-.55901855,.027580984,0,0,0,-.41422594
.27044368,.78098202,.043731734,0,0,0,3.644604
.24365254,.1703614,-.16380242,0,0,0,1.5203912
-.41398337,-.77470517,-.40403137,0,0,0,-.061371375
.9355672,-.78455943,.10259051,1,3,0,1.6038982
-.15058663,-.18704754,-.31100842,1,3,0,1.6998869
1.4318494,.17428234,.66737109,0,0,0,3.3266237
.35815418,1.672511,1.023549,1,2,0,4.996294
1.1523681,1.2531595,1.2305683,1,1,0,.4702023
.59597296,-.53284609,-.088393234,1,3,1,-.41379136
1.2183847,.18960774,1.0961809,1,3,1,-.76615942
1.1176442,-.044526581,-.57116306,1,1,1,.57718331
-.92082113,-2.5850055,-1.6175891,0,0,1,5.7729144
.51033646,.66272175,-1.0215338,0,0,1,-1.3414583
.085957147,2.12131,.22194813,1,2,1,-2.3336995
.41942844,.96232146,-.56980944,0,0,1,-1.4556761
1.276178,-1.4763705,-1.1618139,0,0,1,2.228832
-.45350313,.41065729,-.83235896,0,0,0,-.25752392
.90380096,1.1085443,.7247954,0,0,0,5.2210903
-1.097495,-.63682103,.88473588,0,0,0,-2.8085685
-.73505783,.11946636,.55716217,0,0,1,-.47208709
-.53287721,.15731674,.31912309,0,0,0,2.2280648
.24615766,-.29415947,.27547705,1,3,0,2.264878
-.78344655,-.61361748,.47677839,1,2,1,2.5228496
-1.4006848,-1.6480001,-.070087828,0,0,1,2.8595669
1.4591079,.88799942,2.267586,1,1,1,-3.845624
.37119049,-1.0895195,-1.0446081,1,3,0,.33639485
-.24365851,.14269151,.592695,0,0,0,2.9191093
-1.7176569,.10088014,-.80093002,0,0,1,2.0820491
.68555444,.32618415,-.22810934,0,0,0,2.2821624
-.8016693,-.034942441,-.031028003,0,0,0,-.025907844
-.29614279,-1.5641012,.62945467,0,0,1,2.2466381
-.44213834,-1.0584687,-1.0074767,0,0,1,1.4843086
-.071088478,.39091456,-.7239325,0,0,0,1.2372017
-.62328607,-1.5128396,-1.7089176,0,0,1,4.4338555
-.7275002,-.35797444,.69104987,0,0,0,2.170723
.83584756,.099090412,.17927803,1,2,0,2.7596295
-.31805572,-1.8583603,-.87053341,0,0,0,-1.0295608
-.21362887,.76882803,-.45647943,1,3,1,-.32626438
-.8182919,.38597199,.26253143,0,0,0,2.2110565
-1.1323329,-.94810784,-.12540008,1,3,0,.65622002
.75298542,-.25547466,-.23583432,1,1,1,-2.8450723
-1.396242,-.52406627,-1.3097757,0,0,1,3.7784901
.36984789,.49778944,-.81352127,1,1,1,-.1953667
-.78738874,-.48538226,-.99957782,0,0,1,3.1816773
2.1123428,1.3953911,.61520392,1,2,1,-3.1008306
-.039784171,.25011459,-.15858084,1,1,1,1.6088412
1.8303599,.41967374,.96188933,1,2,0,6.0141573
1.2779236,.76882541,1.6879482,1,2,0,5.6710744
.088664226,-.790169,-.72223675,0,0,0,-.56578308
-.21858309,-.26748538,-.4501996,0,0,0,1.4560292
1.2789507,.0039316579,1.5872123,1,1,0,5.4829025
1.665378,2.4074612,2.8994293,1,2,1,-6.1797605
.81469291,-.15853246,.65032262,1,3,1,1.0586329
-.50561041,-.48592922,-.68569696,0,0,1,1.3924063
.65508229,1.9427437,.95889503,1,3,0,6.5009866
-.81102943,-.474121,-.14327717,1,3,0,2.3130014
.50426346,-.42529774,.88539267,1,2,1,-1.127527
-.61235416,1.3704592,.85250533,1,3,1,-2.6011629
-1.3057537,.16722083,-.15574993,0,0,0,-1.3688672
-.29776579,.090913132,.11791464,1,3,0,.90380406
-1.4240738,-.91681552,-.82893527,0,0,1,4.9451761
-.80455321,-.65364432,.52503222,0,0,1,1.0376118
2.7896903,.61149198,.47402671,1,3,1,-2.5373948
-.30124676,-.56327575,1.1401564,1,3,0,1.5224733
2.4493058,1.2833178,1.7750999,1,2,0,7.5675449
1.6640993,-.68893927,1.3150377,1,2,0,3.7420645
-1.0053,.14550927,-.38786894,0,0,0,-.20764279
.90738398,.69761181,1.0353346,1,2,0,2.4621565
-.78932738,.59414041,-.74232692,0,0,0,.61582452
1.5377084,.15924454,-.90888697,0,0,0,2.8121073
.50726765,-.1970814,-.17707855,1,3,1,.98263782
.557486,1.506864,1.1416804,1,3,1,-2.7403398
-.13308026,-1.3969547,.32085565,0,0,1,1.230466
.60336459,.81089532,-1.3406352,1,3,1,.32004529
1.5643072,1.6721569,2.7859123,1,2,1,-6.8282156
-.23440757,.15341787,-.83849078,0,0,1,3.3351595
.81082141,.71835685,.9894079,1,1,1,-2.3315637
1.6463192,.59304017,1.2278615,1,2,1,-2.9060633
-.14299339,.55740833,-.17269981,1,1,0,2.0116961
.31333566,-.72945857,.050345238,0,0,1,.29033321
-1.45337,.1680007,-.20818745,0,0,0,-.89847785
.19895904,.70539576,-.99768203,0,0,0,2.5765278
.1314638,-2.1625078,.15884522,0,0,0,.42252573
.53018379,-.246044,-.45872188,1,3,0,2.1509445
.030822881,-.42130092,-.15137136,0,0,1,1.8548213
1.1205561,-1.0244606,1.0328789,0,0,1,-1.9251292
.58722711,-.9682914,.71875155,1,3,1,.18725446
-.431732,-.359853,-.016687218,1,3,0,-.35142091
-.65976137,-.78902328,.30439109,1,3,0,.19738717
-.27800074,-.82693416,-.50189692,1,3,1,1.9126695
-1.2183849,-.69070542,-1.0316938,0,0,1,1.9966661
1.1189129,1.5875745,.048256956,1,3,1,-1.0754292
-.95772719,.030939022,.6589697,0,0,0,2.5944114
-.056579702,-.57036275,.019388787,1,1,1,.58443052
1.7535079,1.0522093,1.0223919,1,3,0,5.3436842
-.7723676,1.1209511,.11199089,1,3,1,.82793492
-.39636675,.21394508,1.5887662,1,1,0,4.9732323
-2.0205545,-2.0040193,-.74605113,0,0,0,-2.6973069
-.20768137,-1.3555629,-2.2223732,0,0,1,3.3163579
-.19984099,-2.2485356,-.91084331,0,0,0,-1.3662549
.25462705,-.50515932,.68147522,1,3,0,1.3139943
.44227973,1.1282594,.32948798,1,3,1,-2.2102716
-.30140197,-.26103333,1.6329201,1,3,0,3.3939197
-.44365674,.61529005,.035903685,0,0,0,.47344837
-.93701005,-1.1114489,-1.7697036,0,0,1,2.565964
-.54917234,-1.9730873,-.26770818,0,0,1,2.0050485
-.4463205,.46857107,-.53687936,0,0,1,1.5330648
-.95045531,-.22021791,-.2236762,0,0,1,1.4395583
-.41642952,.48060265,.34431976,1,3,0,.97538298
-.39689496,.2245881,.052377995,0,0,0,.09250401
-.62170857,-1.727895,.38829792,0,0,1,2.4487329
-1.3668206,-1.0655367,-2.1137106,0,0,0,-2.5306566
-.61957997,1.3380989,-.010909504,1,3,0,.21724603
-.017600851,1.8261143,1.1380894,1,1,1,-1.4381275
1.4715637,2.288579,.44688636,1,2,1,-4.8828092
.75888163,.78054476,.89584368,1,2,1,-1.9748439
.65302289,1.0485439,1.018816,0,0,1,-2.9343624
-.78802127,-.34070921,1.3102484,0,0,0,2.4124167
.4464843,.4423303,.68018609,1,2,1,-1.6432205
-2.240257,-2.0224051,-1.9442221,0,0,1,6.9196944
-1.0325413,-.79831517,.45255348,1,3,0,1.6627256
.98790383,.76335543,.21771987,1,3,0,1.0742389
.24825184,1.0729151,1.1535137,1,1,1,-1.4644374
-1.4906595,-.28756344,.35169315,0,0,0,-.090050131
-.44733456,.29745293,.21448629,1,1,1,2.1233768
.59925574,.25292963,-.019563597,1,3,1,.40842202
-1.6238593,-.58765632,-1.7766029,0,0,0,-2.8535314
1.3914033,.90836328,.0080648819,1,3,1,-2.3495886
.4135778,.46133494,.054611336,1,3,1,-1.3779007
2.2920175,-1.0430357,.58125365,1,3,0,4.7400122
.52253491,.79810029,.71999413,1,3,0,4.9430652
-.084574878,1.4134469,1.2599325,0,0,1,-3.6793723
.15782291,-1.4452099,-1.5220511,0,0,1,4.5732632
1.4879543,.004858044,.85277951,1,1,1,-.50751096
-1.6759609,.31327763,-.77618057,0,0,0,-.49769491
-.32683009,.50657684,1.1395944,0,0,1,-1.011878
-1.1864991,-.41516799,-.25624457,0,0,1,2.8517997
1.1149024,-1.3487684,.81024504,1,3,1,-.62482345
-.78755635,-.46860048,.18586361,1,3,1,3.1944125
.6330874,1.392288,.89644063,1,3,1,-2.0448451
-1.4521589,-1.1831903,-.096744597,0,0,0,-1.8345944
-.24042447,.45365375,.22978254,0,0,1,-.61422622
-.52050191,-1.4558671,1.081822,0,0,1,2.6717534
.6185481,1.6237578,1.1515102,1,2,0,3.4696267
.71056986,-.33431649,1.7712976,1,3,1,-4.0672293
.53206384,1.7322587,.036320046,0,0,0,5.6618767
.63353038,.56674343,-1.0756015,0,0,1,.99216753
1.3529247,-.75294238,-1.0326564,1,2,0,1.8772789
.47722954,.10420404,.66773105,1,1,1,-1.7664862
-.36217761,.42712411,-.35676447,0,0,1,.90408278
-.69007409,-.425293,.56483889,0,0,0,.45139229
.77122068,1.0501946,1.1227808,1,2,0,5.4725304
-.84092963,.44953537,-.21859713,0,0,0,.01745335
-.27552816,.20811626,.31781459,1,3,0,2.8267243
.25265509,.7604425,1.0080502,1,3,0,4.3210602
.36948624,1.6696317,.2867952,1,1,1,-2.9200604
-1.4889628,-.55373549,.15001826,0,0,0,-1.2985692
.30141145,-1.8488532,-.59166688,0,0,0,1.7861102
-.038717501,-.22567126,.77480268,0,0,1,1.193216
-.89003986,.74877614,-.37975064,0,0,1,1.5367568
1.5347508,.93789726,2.0299978,1,3,1,-2.603889
1.175638,2.2182202,.22430548,1,3,0,4.4161301
.43599153,-.49379683,.82864463,1,1,1,1.0457324
-.66989613,-.60451072,.26069698,1,3,0,.88819605
-.56148225,.5664041,.83858132,0,0,0,2.8591816
.46041343,.0014767958,-1.1588655,0,0,1,1.0650259
.80826086,.28624052,.34306914,1,3,1,-.80924863
-.41058716,.95849425,-.19542304,1,3,0,1.8230616
.97950995,-2.010289,.56042576,1,1,1,2.5807118
-.074177064,-.54938376,-.17048405,0,0,1,2.7886686
.39462927,.29508519,-.53838193,0,0,0,1.1365817
-.42459595,.03392373,.44795182,1,3,0,2.0159366
.03986039,-.30208179,.2186733,0,0,0,.86927778
-.56843728,.60311419,.36882061,1,3,0,2.6437311
.95873117,.55569625,-.24078144,1,1,1,-1.3298007
-.17629805,-.63952595,-.67503989,0,0,0,1.2959337
.91088545,.83262259,1.0689614,1,2,0,5.5366096
.30464542,1.1845593,1.1178056,1,2,1,-1.6051638
.12645261,-.61749595,-.68643153,0,0,1,1.6487451
-.27172279,.30617321,-.29277799,0,0,1,1.6289276
-.53646868,-.34534407,.068859972,1,1,0,.62046069
-.68271255,-.18541597,-.27965152,0,0,1,.7177338
.62232375,.77796459,.10752929,1,1,0,2.6201632
1.0625199,1.4095458,.50052267,0,0,1,-4.1868572
-1.1574978,-.20498277,-.17173737,1,3,1,2.4278913
-1.492944,-1.2374104,-2.0038419,0,0,1,5.3501363
-.63020396,-1.6388454,-.55625051,0,0,0,-2.0491667
.98547965,2.0959067,1.0837239,1,2,0,5.9665465
-1.0971197,-.4709253,1.0050728,0,0,1,.34353882
.37689829,-.27714041,.07133311,1,2,0,.46656668
-1.6604805,-.92127067,-1.3755188,0,0,1,4.1288419
-.052862488,-1.6589223,-.3266207,0,0,0,-.85100383
-1.7603654,-.78289032,-.73316455,0,0,1,6.8602705
1.1625346,.16121554,-1.0121405,0,0,1,.4523257
1.8798918,1.7032533,-.40915313,1,3,0,4.0450802
-.66582859,-.38856289,.46640489,1,3,0,1.2909561
1.3777617,-1.3972806,1.2270663,0,0,1,-.17389625
.90959138,1.4397639,.12816665,1,1,0,2.9402201
-.87364084,-1.2580794,.11276545,0,0,0,-1.8221263
-.10997154,-1.4293684,-1.2803664,0,0,1,3.1162746
1.2347599,1.0602212,.60083008,1,1,0,4.3599334
1.2294871,.4263204,-.38501722,1,3,0,1.6362932
.010157431,-.41537929,1.1550879,1,3,0,3.825341
.16574584,-.48880762,-.89134818,0,0,1,1.3955126
.25810182,.44065547,-1.0329303,1,3,1,1.5254005
-.92180645,-.0041203778,-.3584938,0,0,0,-.050155494
.73105329,2.2505693,1.0143235,0,0,0,6.9785657
1.2276455,.59041017,.57496792,1,1,0,4.2058711
-.84691834,-.68124729,1.0166898,0,0,1,1.4963945
-.79463774,.80845636,-.53889644,0,0,1,1.998893
-.089644298,.60204262,.69220835,1,2,1,-1.5901306
-.26710185,.016271023,-.22294456,0,0,0,.85777932
.19237895,-.47164807,-.8234688,1,1,0,.16499333
1.2680469,.94478929,-.033301122,1,3,1,-1.6485341
-1.3686399,.0023961393,-1.0083945,0,0,1,2.9196935
-.30383042,-1.1936411,-1.8642557,0,0,0,-.50507903
.87577665,-1.6342496,.23425598,1,3,0,2.2310371
.3033964,-.17786428,1.7146312,0,0,1,-2.7335212
.63983625,.75765854,1.2884657,1,2,1,-.90430832
.10558733,1.1775296,1.4605114,1,2,0,3.2930193
-.58491993,.46658278,.30544746,1,3,0,1.8143506
1.1929377,.40151185,-.40706241,0,0,1,-.0082843862
.96208435,.78055179,.45070127,1,1,1,-1.9707042
-.65860444,.83926749,.37737489,1,1,0,.7590906
-.58154118,-.16931543,-1.2325425,0,0,1,2.6332858
-1.2112811,-.50876719,-.89226758,0,0,1,1.2867901
.88222492,1.1511202,1.4755478,1,2,0,4.5467844
1.0185506,.40180537,.36794099,1,3,0,1.2521336
-1.0579028,-.46387935,.032869808,1,3,1,.12532632
-2.3353262,-.29745036,-1.7118952,0,0,0,-2.918488
-.76477784,.22205393,.073792562,0,0,1,-.060100801
1.3417923,.79180324,.61836374,1,1,1,-2.3717415
-.73137414,-1.2936958,.7448976,1,3,0,.76546437
.26556882,.19936389,.38267326,1,3,0,1.1421672
.54431075,-.5919975,-.12141114,1,1,0,1.9228774
-1.6422534,-.75404084,.82314742,0,0,1,3.2247751
-2.1403744,-3.7463696,-2.5509365,0,0,1,8.1104965
.57248592,1.1059413,1.3478113,1,1,0,3.7076359
.18716268,.11090679,.082837582,0,0,1,.71393633
-.18625349,.39214274,.053898238,1,2,0,1.7096277
.39570984,.19497237,-.59072721,0,0,1,.7197727
-.49049178,.08204788,.66605675,0,0,1,-.041886542
.84399647,-.23986548,-.5979647,0,0,0,2.2386637
-.47040439,-.27154619,-.92580736,0,0,0,-.98364168
.82581675,-1.2871799,-1.188624,0,0,1,3.8440473
.67147487,-.59393805,.024879292,0,0,0,3.1589599
1.0257751,1.812956,.68646294,1,2,1,-3.7795999
.6808874,.8736999,-.92886996,1,3,0,1.1615208
.054698229,-1.1842426,-.68029106,0,0,0,-.94650459
-.20537139,-.32720327,-1.3016541,0,0,0,-.24424532
1.1045151,.66938645,1.2189147,1,2,1,-3.2743516
-1.4598722,-1.0551454,-.67817199,0,0,0,-1.3402901
-.0048280396,.15288503,1.2422006,1,1,0,2.0120142
-.54311037,-1.4180912,-2.1096394,0,0,1,2.8453064
-.15392247,.98609275,.52964175,1,3,0,2.7920997
-.51769692,-.56216937,-1.8112234,0,0,1,3.964684
-.22899233,-.18941948,.22560927,0,0,1,2.3361065
-2.8706334,-.86064035,-.75939339,0,0,0,-3.4069545
1.7684454,-.93577558,1.6922637,1,1,0,2.1328731
.60120851,-.71384639,-1.469589,1,1,1,.018847233
-1.397674,-.69716436,-1.831724,0,0,0,-2.9066465
.094832145,-.22689232,-.051362008,1,1,0,1.8360173
-1.5116824,-2.3547754,-1.0855815,0,0,0,-3.5977542
-.63576645,1.1554936,.38089842,1,2,0,1.6599281
-.28592899,.20883858,.93336624,1,1,1,-.34651855
1.2665409,-.27105874,.63123918,1,1,1,-.76655906
.71351802,.31030345,1.0248786,0,0,0,2.6739879
.81020051,.073450714,-.066337675,1,3,1,.6165145
-1.2760561,.20202217,-1.2047836,1,3,0,-.66018522
1.3194895,1.4069431,1.1222981,1,2,0,3.9093421
-1.3840343,-1.0877349,-2.7289975,0,0,1,5.4484568
.90088964,-.33063439,.60427755,1,3,1,.85055953
1.1690258,2.2451608,1.8446347,1,1,1,-4.314528
.44882593,-.24217768,-.34729651,0,0,0,1.3308913
1.6092947,.58168966,.48494473,1,3,1,-.30520386
-1.1972222,.52665269,.84745765,1,3,0,2.1408565
.24133646,.16799971,-.9384138,0,0,1,.44057646
.64256579,-.66216487,-.35844421,1,1,0,.11366095
.44613886,-.029089717,.15496898,1,3,1,.10374443
-.51646209,1.4213717,1.0118691,1,1,1,.14077805
-.052626971,-.79306316,.32653481,1,3,0,.43036789
-1.022938,-.25863424,-.10539542,0,0,0,-.15607598
-.5555566,-.91544801,.2564514,0,0,1,3.4913259
2.8078392,.7537995,1.2949519,0,0,1,-3.0361495
-.54379493,-.77536619,-1.3245288,0,0,1,2.9126561
1.0479523,-.82398295,-.54059589,1,2,1,-.48250034
-.87409019,-.00095083623,-1.3634387,0,0,1,.19620726
.61770254,-.92370385,-.10547651,0,0,1,.57976335
.78547847,2.7113922,.3917723,1,1,0,5.9693274
-.5731625,-.074962392,-1.7694174,0,0,0,-1.5643643
.10159554,-.5024876,-.70676357,1,3,0,.62319207
-1.2253261,-1.4115635,-1.3521088,0,0,0,-3.8029649
-.21929307,-.31216446,-.05274184,0,0,0,1.1435909
1.217854,-.81515658,-.38752124,1,1,1,.89189774
-2.0058475,-1.0268711,-.82002163,0,0,0,-1.7437466
2.1242428,.81905955,-.33162156,1,2,1,-.08404927
.62293184,.47774073,.74279249,1,2,1,-3.3766751
1.113728,.70497561,.51532227,1,3,0,5.1783371
-.59114933,-1.5207748,-2.1547399,0,0,0,-1.8691524
.15507904,-.90569603,-1.0989939,0,0,1,.27300689
-1.2567748,.18817572,-.39861861,0,0,0,-.15655304
-.54606932,-.13318494,-.21498144,0,0,0,-1.0499768
.37203863,-.20361218,-.12851875,0,0,0,1.4905322
-.20592616,-.48810565,.40377516,0,0,1,.53126639
.0076715839,.12007712,.22899376,0,0,1,.54775453
-.39379147,-.64960992,-.99114883,0,0,1,1.3250029
.62558883,.25317022,.87206066,0,0,0,2.8976748
-.16059278,.71426415,-.18541873,1,2,0,2.0916193
-2.144423,-2.7443178,-2.7501249,0,0,1,6.355978
.63155669,1.4762096,1.1129047,1,2,0,5.2037315
-1.1463754,.83014768,.16647696,0,0,0,1.7738371
.14949715,-.44581148,-.37915924,1,3,0,2.1175807
.39242798,.72060508,-.58139652,1,1,1,.44146252
.073614426,-.55767244,.19023426,0,0,0,1.2891059
-.3224183,-1.5833179,-.83014172,0,0,1,2.4055004
-1.2142403,.46395236,1.5516381,0,0,0,2.6608164
-.98102403,.77984095,.1747656,0,0,1,.71625102
.55065453,1.4183908,.36003694,0,0,0,4.4607263
-1.0224557,-1.5819906,-1.5680144,0,0,1,4.3542471
-.93309861,-.65282559,-.58873159,0,0,0,-2.7836845
-.45035887,-1.4703238,-.21220547,0,0,1,2.6766317
-.1584515,.45294195,1.5930856,1,2,0,4.0986195
-1.0362908,.606116,-.54741544,0,0,1,-.26479813
-.48055759,-.65638816,-.47628832,1,3,0,-1.8999273
1.0055887,.93024474,.10148367,1,2,0,3.6322665
-1.2838277,.33292317,.76027006,0,0,0,-.061238114
.68937016,-.97610098,-.5232746,0,0,0,-.28025052
1.0455477,2.0404379,.81018519,1,2,1,-2.5026891
.48611432,.35054964,1.6714927,0,0,0,3.8423967
.073032156,.99716151,-.32967374,0,0,0,1.803342
-.035620037,-.71493489,-.88972026,1,3,1,1.1315176
1.1336805,-.015184787,.26509452,1,1,1,-.44390604
.81662673,.97040498,1.2806582,1,1,0,4.7313905
.41535819,.53301018,1.3190032,1,1,1,-1.704247
-.40307432,-.90740156,-1.3945858,1,3,1,2.4384747
-.6530996,-1.2405602,-.29048935,0,0,0,.6215176
-1.5188251,-.79325444,-.72487599,0,0,1,5.1208267
.025765296,-.53920466,-.71620917,0,0,1,2.3162706
.97062689,-.14203793,.19151837,1,3,1,-.40423197
.013838527,1.6401448,.67171037,1,1,1,-2.7061374
-1.7659886,-.58760208,-1.124101,0,0,1,3.7133825
-.36167997,-1.0752406,-2.1857419,0,0,0,-2.5306611
-1.6421744,-1.2193865,-1.0806704,0,0,0,-2.3742068
1.2140328,.96499586,2.321363,1,2,0,4.1215491
-.31184843,1.1069967,.41757017,1,3,0,3.2857127
.61409378,-1.0402541,1.6345525,0,0,0,1.9415888
-.55877185,.16539754,-.10913583,0,0,0,.90271658
.30041859,.20572826,.68308139,0,0,1,-1.8214991
-.19248328,.050349172,-.96709448,1,3,1,1.1175529
1.3118366,.97275347,1.0966485,1,3,0,3.3122675
-.33297795,-.066422984,1.7026823,0,0,1,-1.6958872
1.7233189,-.19070968,.79566735,1,1,0,5.2204337
1.3289492,.85762805,1.9013556,1,2,0,6.082128
.22227259,.69156116,.040719714,0,0,1,.98908293
.5720374,1.7164587,1.9310218,1,2,0,6.1925316
.3286396,.25096455,-1.2899756,1,2,0,.17857334
1.8518705,.69908595,1.5118107,1,1,0,5.0373769
1.0134188,.47752047,1.4244279,1,1,1,-3.2544935
-.4915317,-1.274176,.32341918,0,0,0,.12876426
.015488249,1.0800145,-1.1559178,1,2,0,-1.4609516
-.50457716,-.285032,.094569951,0,0,1,2.4491065
-.79276472,-.60097486,.19787538,1,3,1,.95881635
-1.0184253,.41511932,.05765266,1,3,1,-.63926852
-.7939868,-1.3886399,-.14141476,0,0,1,3.4121392
1.5414516,1.3799633,1.0990124,1,2,1,-4.36797
-.7581529,-.78294754,-.83487701,0,0,0,-1.1787907
-.48724645,.32801586,.12969546,1,3,0,1.4856
-.19199654,.62215501,-1.6892616,1,3,0,.21717565
-.3427701,-1.9004345,-.30963868,0,0,1,1.4665989
-.90738249,-.28482413,-.64980531,0,0,1,1.7490273
1.2575321,.038141757,-.12007767,1,1,0,1.6763996
.35895824,-.58266747,-.33848429,0,0,1,-.044666789
.027337145,-.90230209,-.65797049,0,0,1,1.3494459
-1.6247927,.079859734,-.38440153,0,0,1,3.0866339
.23690115,.16354665,-.59233731,0,0,0,1.1363614
-.24932392,-.16360785,-1.2769097,0,0,1,2.8892422
-.8762725,.3094525,.1891007,1,3,1,1.2076635
.77787399,-.99476081,-.8241272,0,0,1,2.0847557
.081613846,1.0546873,.89235628,1,1,1,-1.9317172
-.043208398,.073637702,.6531871,1,1,1,1.0484083
-.18155254,.40250239,-.21253294,1,2,1,.16967733
-1.3960112,-.45274755,-.51952845,0,0,1,4.3832326
-.21100675,-.35537532,.22514416,0,0,0,2.8835089
-.91510123,-.96378958,-.76386321,0,0,1,4.6203413
-.35093087,-.040053587,-.3617948,1,3,1,.53140223
-.75411272,-.96478963,-1.0916077,0,0,1,3.2678306
-.11667629,-.25491226,-1.047606,0,0,1,2.7920318
-.057634592,.15631376,-.68367708,1,1,1,.92850834
-.57296771,-.20180453,.37880403,1,3,1,1.3188679
-.77607739,.1101189,.53428,0,0,1,.20562142
-.010475466,-.35680139,.18615638,0,0,1,1.7526861
-.21093985,-1.7343907,.12375849,0,0,1,1.6588954
.64263457,1.6974512,-.6248498,0,0,0,2.6871624
.58648878,-.89477396,.44940192,1,2,0,3.4209752
-1.1725841,-3.2272918,-.9903248,0,0,1,4.793066
-2.1995199,-1.4025465,-1.8159071,0,0,0,-2.2525718
2.0738351,-.46430516,-1.1016278,0,0,1,.67066193
-.44160926,.60199171,-.3672505,0,0,0,1.8558353
-.46767718,1.8255507,.39923301,1,3,0,2.6541698
.98130739,-.84579694,-1.1722547,0,0,1,1.8779799
1.3133867,.34605795,.41958237,1,1,0,2.4558737
-.87825584,.061737001,.30624214,1,3,1,2.3369679
-.6617741,-.95452249,-1.2022706,0,0,1,4.2662106
1.2170569,1.2781366,1.2426971,1,3,1,-.86485791
-.11118474,-.0096030608,1.8188742,1,2,0,4.4541774
.16227674,-.74782777,-1.3918471,0,0,1,1.511884
-.1883374,-.13069922,-.49529272,0,0,1,.25299513
-2.5214171,.062196676,.46879974,0,0,0,-.54708111
.22198243,-1.4063503,-.58279181,0,0,0,-1.4330943
1.0982565,.68164098,1.4330572,1,1,0,4.1772122
-.78614742,-.77695483,-.17454171,1,3,1,4.0437641
.62968153,.12197408,.19335499,1,2,1,.5832212
-.11624664,.10755377,.62444234,1,3,0,3.3772047
.089143112,-.88849235,-1.1462215,0,0,1,2.9834156
1.1184551,-.050667904,1.6600182,1,2,0,4.2416358
-1.8437365,-1.0353669,-1.576594,0,0,0,-3.7281868
.11173403,-.13292459,1.1648225,0,0,1,-.12795857
.7730577,1.6412214,.92413217,1,3,1,-1.6025171
1.5712452,1.9699914,1.9138185,1,2,0,6.3819065
1.4130838,1.6149446,-.44676954,1,2,0,4.689126
-.45193681,-.53353566,.22221838,1,1,0,.14438598
-.86996233,-.54759282,.50454021,0,0,1,1.4754109
-.11005106,-.34931037,-1.4239844,0,0,0,-.76368582
1.2179354,-.44144404,.47134808,0,0,1,-1.885971
-2.0377491,-.85580063,-.1048727,0,0,1,3.8936434
-1.5197121,-.93539596,-.95998907,0,0,0,-2.3111084
.57011718,-1.0078931,.27722141,1,3,0,.74656582
.99691516,.72368681,-.45269454,1,2,0,2.9739034
-.11880182,-.71441418,-.2044697,1,3,0,-1.4723074
-1.1637788,.16146922,-1.1996696,0,0,1,3.9141927
-.68152875,-1.3808376,-.84713823,0,0,0,-1.3649517
.93853575,.56655949,-.17523395,1,2,0,2.2285881
-.88197798,-.41858423,-.19704452,0,0,0,.93619144
1.3246032,2.3059707,1.8135765,1,2,0,7.1835504
2.5245683,1.1864816,1.4400539,1,1,0,7.6875148
-1.5412647,-.79468662,-1.2380973,0,0,1,5.6731715
.15491186,.43892217,-.55018824,1,3,0,1.8042209
-.63901216,-.58224863,1.6307281,1,2,0,3.2429886
.96563709,.87977636,.73916489,1,3,1,-2.8200443
.44727322,2.4161189,1.8902806,1,1,0,6.5457253
2.9934323,2.2669582,.46364281,1,2,1,-4.4286919
-.077295549,.068725705,.37803042,1,1,1,1.0187963
-.66177827,-.78592044,-1.0359184,0,0,0,-.021483246
.77800864,-.29653585,-1.0600493,0,0,1,2.4155555
.63629365,1.1285379,-1.0269713,0,0,1,-3.0820534
-.54498327,-.64404315,-2.7026742,0,0,0,-4.0937562
.15346915,.12271491,-.73465824,0,0,1,-.29292431
-.34941331,-1.6918936,-.71457732,1,3,0,-.31512719
2.9068887,2.1906798,1.6363733,1,2,0,8.2383099
-.93269998,.33646965,-1.3213965,0,0,1,2.362045
.34942093,.98954684,-.15510464,1,2,1,-.62957478
1.5198969,1.3389807,1.7999775,0,0,0,7.3736911
-.26480293,.63784605,.92994493,1,3,0,4.068202
.95997661,.33865511,-.57697338,0,0,0,2.9918296
-2.3051646,-1.1672626,-.64576244,0,0,1,4.2079549
.92916632,.88655657,.99043107,1,1,0,3.7612524
-1.9903108,-1.4390124,-1.352734,0,0,0,-4.9662809
.64683819,-.28006685,-.11181066,1,3,1,2.0970969
-.23068959,.66686291,-.7187376,0,0,0,1.9302905
.32441452,.25097272,.20171748,0,0,0,4.3768945
.60354662,.96148622,1.5228803,1,2,0,4.3912296
-.37217495,.33298367,.31266999,0,0,0,1.3578364
-.3850852,-1.3043567,-.72499496,0,0,0,-1.802595
1.4785198,1.3123777,1.3846214,1,1,1,-3.4607008
.85974747,.89618045,.34592316,0,0,0,3.3500059
-.53920072,-1.3127606,-1.1419809,0,0,0,-.26981553
1.1966904,.1385984,-.61118644,1,3,1,-.2806479
1.7019625,1.0429366,.4846811,1,3,1,-3.0831168
1.0369476,-.35426807,1.1562517,1,3,1,-1.980562
-2.169059,-1.6342775,-1.8074034,0,0,1,6.2426839
-.1887088,.057116061,-.49110934,0,0,1,.69804341
.087160312,1.2664516,1.5516914,1,3,0,5.7661924
-.39426133,.034917098,.65379274,0,0,1,1.2657264
.60332227,-.93189079,1.2680304,1,3,1,-1.0427752
.9361937,1.6587923,1.6818937,1,3,0,6.4752584
.11135809,.62773162,-.95327377,1,3,1,.30763701
-.23273566,-.53007323,.38084289,1,3,1,.25493017
-1.8227485,-1.5781102,-1.2174501,0,0,0,-3.4910355
-1.4381087,-1.5316473,-.63195103,0,0,1,4.8873343
.79064983,-1.419171,-1.690915,0,0,1,.50357765
1.7239486,.82989949,-.31290826,1,3,0,3.399884
-.26952189,-1.8820689,-1.1788237,0,0,0,-2.4584308
-1.4607155,-.0071154884,-.25274479,1,3,0,-.73438305
-.87707037,-1.0127206,-.72071981,0,0,1,2.5881598
1.1455997,.56278092,1.7177004,1,3,0,3.5245171
.44566268,.78661859,-.079685099,1,3,0,3.1461601
-.53985661,.43332276,-1.1016794,0,0,0,-.48164496
-.43365729,.28328186,-.53008139,0,0,1,1.7588625
-.5090183,-2.0785294,-.19377263,0,0,0,-1.3452771
.71530557,.044169612,2.2741537,0,0,0,4.3015118
-.20347147,.043698046,.79029292,1,1,0,2.6074967
-1.4357665,.24054889,-1.0443424,0,0,1,2.0960615
.57620841,-.18207902,-.32873687,0,0,0,2.0710652
1.0471042,.91965073,1.7092645,1,3,1,-2.8252952
-.20877728,2.0846686,-.19447307,1,3,1,-2.1487508
.66911715,-.52051914,-.34070551,0,0,1,.77368724
1.8155057,.80177253,1.4696286,1,1,0,5.7402883
.13800393,.95150417,1.4040956,1,3,0,2.9326096
.74499369,.30970523,.067681909,0,0,1,1.4519589
.63313365,-.19468707,-1.4071263,1,3,1,1.6544895
-1.479219,-1.9386073,-1.7329769,0,0,0,-3.6998289
-.65572542,-.56424034,-.77265656,1,1,0,-1.9841235
.17728804,.87949991,.56173176,0,0,0,3.5558748
-.90974092,-.37276793,-.072586425,1,1,1,4.1907644
1.6554083,.43281963,.7723164,1,3,1,-1.7932554
-1.416936,-.73387182,-.7288962,0,0,1,3.468863
.71867853,.66268808,1.5244243,1,3,0,4.418541
-.11118601,-2.121717,-1.4072782,0,0,0,-1.6942239
.089724243,-1.3747522,-.18293676,0,0,1,2.4259114
.38649127,-.19301553,-.97515208,1,3,0,1.0899866
-.84956193,-.891828,-1.4761084,0,0,1,3.8430436
-3.0237994,-.85810953,.13118617,0,0,1,3.1361649
.21808761,-.22800894,-.16421296,0,0,0,1.4302002
-.29249233,-.84953392,-.36406067,0,0,1,.65125173
-.38597238,.55423141,-.57534927,0,0,0,.42633227
-.13013743,.98629439,-.22605433,0,0,0,2.2323148
-.061963115,-1.951858,-1.0324969,0,0,1,3.6031322
-1.6288004,-1.3575383,-.73616874,0,0,0,-3.2658427
-.28405839,-1.6517789,-1.0020776,0,0,1,2.4897902
-.82939953,-1.174428,.33652565,1,3,0,.58477187
.026975442,.59798431,-.30149919,1,1,1,1.2774603
-.4679811,.72690135,.95426762,1,1,1,-.55149412
-.00096485997,.74217618,.30998865,1,3,0,3.2931495
.93986404,.50257766,1.3464075,1,3,0,5.7565203
-1.2815384,-1.3366659,.083938651,0,0,0,-.1809582
-2.1810915,-2.2033756,-1.0834473,0,0,1,6.2371006
.34950992,.90985161,.24557558,1,3,0,4.517014
-.29304338,.34916335,-.54259169,1,1,1,-1.5591726
-.5180074,-.49585229,-.48884284,1,3,1,1.602877
-1.2502337,.6577841,-.14058612,0,0,0,1.2134389
-.66761267,-.608217,-1.3924429,0,0,0,-.8619777
-1.0023701,-.11568934,-1.4177586,0,0,1,4.3477693
-.1153158,-.14807171,-1.4024861,0,0,0,-1.6924931
-.15327799,-.715693,-.63888156,0,0,0,1.6335722
.10478722,.42015037,.30165824,0,0,1,-.65621656
-.23277269,.18546785,.082125381,0,0,1,.42704552
.85179687,.99666804,-.039632261,1,3,0,3.1850426
-1.2876648,-2.0980268,-3.2467422,0,0,0,-4.6204104
-.24130292,-.032419246,.14557633,0,0,0,1.9056921
2.245805,1.0632375,1.1248813,1,2,0,6.1048121
.25773689,1.4926729,.10875192,1,3,0,4.1587439
1.605742,1.7045251,2.4092531,1,3,1,-5.7586637
1.7907456,.22678916,.88690609,1,1,1,-.91990846
2.7296915,-.036193419,-.66121197,1,2,1,-2.00967
.61332834,-.057289302,.36035961,1,1,1,-1.3825355
-.17871551,-.22338219,-.74679661,0,0,0,.21376657
-.27514583,.60934681,-.86766368,0,0,1,.80076665
.99736655,.93922514,2.4262378,1,1,0,6.3368669
-.26252723,.49143159,.33581099,0,0,1,.48453641
.045523997,-.25896844,-.099580608,1,3,1,.51612276
-1.2386224,-1.9601026,-.27385131,0,0,0,-1.3533096
-.18245845,-1.3915255,.7806325,0,0,0,-.1064828
-.96298164,-.76351124,-1.1270788,0,0,0,.020283811
-.42797765,.95762551,-.31046882,0,0,1,.29274589
-.73925805,.17809084,-.70734757,0,0,1,2.7517848
1.2561284,-.49792612,1.9071518,0,0,1,-1.773598
.14493363,.25848946,-.91909021,1,3,0,-.27537718
-.78246897,1.4072126,-.84769887,0,0,1,1.1250811
-.83588338,-.3587276,-1.3773609,0,0,1,2.9128726
.82054013,.79950196,1.334295,1,2,1,-.10819789
-.012446162,-1.3990091,-2.0750127,0,0,0,-2.7114036
-.48398831,-2.2257776,-.54123461,0,0,0,.19103159
-.68965024,-.3880229,.22784297,0,0,0,.24211405
-1.8390515,-1.2198564,-1.1620318,0,0,1,3.9584446
.21032867,.8736499,.41857901,1,1,0,2.1732998
.049314216,.51785874,.27657813,1,1,1,-1.415849
-.19256108,.28368095,-.78463024,0,0,1,1.2246655
-.18047141,.25496316,1.0134442,1,3,0,2.6693745
-.60969973,.21351467,.43448615,0,0,1,.26828948
-3.5179846,-2.5564921,-2.3147964,0,0,1,10.203568
-1.062773,-1.6732942,.058213789,0,0,0,-1.4933839
-.65622598,-.79182619,-1.2298062,0,0,1,4.0857677
-.49961409,.73031825,.97514749,1,2,1,-.42610863
.52154952,.37209088,.065417223,0,0,0,3.1323895
-.25843894,.94017059,.30428287,0,0,0,2.3599849
.13541734,-.45902792,-.35417762,1,3,0,.10779985
-1.9538,-.4812952,-1.0721639,0,0,1,2.8643124
-.11147287,-.19332978,.49745032,0,0,0,.20103595
-.53387135,.19814582,-.12067173,1,3,1,1.0000637
-1.2182794,-.41205862,-1.8571932,0,0,1,3.3014715
-.24080113,-1.9644845,-1.5510583,0,0,0,-2.2598245
3.1393793,1.2681711,2.4101732,1,2,1,-6.8497014
-.63151205,-.11424778,-1.7368823,0,0,0,-1.1064924
-.53523266,-1.1223032,-1.0476422,1,2,1,3.3158441
.74796122,1.0111183,.35359296,1,3,0,5.1744499
.88442695,-.96304804,.72610807,0,0,0,1.4467424
.24269402,-1.043993,1.5795538,1,2,1,-1.1177522
-.024997307,.39860287,-.70071405,1,1,0,2.372519
1.0923805,1.188496,.96846813,1,2,1,-4.2992206
2.8408163,.96658653,1.8466945,1,3,0,6.0165896
-.5012154,-.15657625,.16771102,0,0,0,2.1541722
.98393357,-.38990828,-1.3750297,0,0,0,1.3029416
1.1133648,1.0002704,.14894034,1,2,1,-2.2531328
1.6325572,-.052282151,.33629644,0,0,0,4.5038486
.72901249,.61334342,-.076802514,1,1,0,2.1168754
-.31244478,-.70048809,-.17353566,0,0,0,.29215518
-.45161691,-.55967277,.88111573,1,3,0,1.4736792
.31205124,-.026045039,-.15155783,1,3,0,1.5174981
.16395552,.25273538,-.79893965,0,0,0,2.6811993
1.2200112,-.19127576,-.95008725,1,1,1,-.18039213
1.7907482,1.3134217,.78812307,1,1,1,-2.4878023
.44162351,1.8233652,1.4573869,1,1,0,4.4858003
2.2506559,1.7893605,2.5607314,1,1,0,9.9566469
1.497889,.80787057,.42450234,0,0,0,6.4174724
-.24615531,.068265468,-1.1727434,1,3,1,1.7927605
-.66426891,-1.5647436,-.99770695,0,0,1,3.9474778
-1.3087568,-1.9656113,-.86105704,0,0,0,-.80783165
1.7541097,2.3078601,1.8832608,1,2,1,-6.2635813
-1.419068,-1.6285914,-.69195592,0,0,1,4.782371
-.1423206,1.3165721,.11218428,1,3,1,-2.0510511
-2.6713519,-1.3524312,-.1714382,0,0,0,-3.5380301
.29985648,-.76703227,.84507275,0,0,1,.65575987
1.140667,3.4422274,.40759572,1,2,0,7.593482
1.1186584,.82015914,1.2717124,1,1,0,5.5210247
-1.3548874,-.30898356,.52922565,1,3,0,.33484033
.65746403,.97647059,.339849,0,0,0,3.7047706
-.7358073,.91828769,-.077562906,0,0,1,-.082784876
-.92813629,-.098999463,-.41211993,0,0,0,-1.5113547
-.14098871,.001892226,.95909518,1,2,0,-.62267035
.33930725,-1.4096302,-.56230426,0,0,1,2.5477054
-1.0628284,-.66308105,.18310635,0,0,0,.86731237
1.1715031,.71689558,1.0316312,1,1,1,-1.6984243
.80508935,.35691592,.15594313,1,2,0,2.554436
.30715749,-.53535831,-.15514481,0,0,1,.88215137
.94316792,.50755858,1.1298448,1,3,1,-.76065004
-.2581408,-.96107763,-1.6302633,0,0,1,2.5112607
-2.0094383,-.21385357,-1.4586531,0,0,1,5.4329433
-.31459051,.84187198,-.50787842,1,2,1,.36717319
1.0256399,.44726235,-1.3586532,0,0,0,2.7021916
-.3426913,-.19402756,-.8254894,0,0,1,3.0561388
3.0315654,1.1722094,.90416789,1,2,0,6.7971511
-.20650615,-.2938922,.13226548,1,1,0,1.1058062
.029785948,-.51903003,.47348163,1,3,0,2.1474254
-.94340235,-.34107688,-1.013238,0,0,0,-.53881478
-.76641619,.36144984,-.7990002,0,0,0,1.5116345
.7793225,.2382409,.58361208,1,3,1,-.5296858
-1.7856224,-1.0714339,-.21304882,0,0,1,5.1313043
-1.7489278,-1.2302859,-1.5158992,0,0,0,-1.3765429
.66053206,.62034577,.43949378,0,0,1,-3.3962588
1.057529,.39219531,-.059364691,1,1,0,2.6239655
-.40014619,-1.0988959,1.601631,1,3,1,-1.0225068
1.1643414,.77238828,.62018007,1,1,0,4.4363809
.99466556,-1.9161823,-.3611393,0,0,1,1.8871181
-1.0925691,-.99740016,-.0086510042,0,0,0,.99593854
-1.0558318,-1.0767409,-.70456207,0,0,1,3.3323736
-1.2079763,-2.011986,-2.3596983,0,0,0,-4.6163282
-.31980672,1.5655435,.1976659,0,0,1,-1.5141709
-1.1022779,.31346905,.59272313,1,3,1,.92672008
.044473954,-.26385853,-.50973117,0,0,1,1.7358688
.46171203,2.2122431,2.0823212,1,2,0,5.8105798
.62990153,1.1374395,.5082522,1,3,0,3.7431824
.10302109,-.87419772,.30519706,0,0,1,2.5717647
-.93340969,.22831534,-.19005464,1,1,0,.99790055
1.8293347,2.0441227,1.6354721,1,2,1,-5.2008638
-.12442173,-1.1906477,-.44997489,0,0,1,2.8423405
2.0621121,1.045832,.61306244,1,3,1,-3.5438192
.06901174,-2.1300695,.013149442,0,0,1,2.1977487
-.39913034,.30452833,.37902182,1,1,0,1.1283754
1.4144855,1.3714255,.49689844,1,3,1,.35722408
.32165134,.037812494,-.17600839,1,3,1,1.574421
-1.0199124,-.78076875,-.041308828,0,0,1,2.305053
.80235195,-.15902664,.97006702,1,3,0,3.623389
.39542717,-1.3879631,.09335003,0,0,0,1.5280868
.81336701,-.43236983,.037711114,0,0,1,.099636272
-1.1973757,-1.4303416,-1.2080145,0,0,1,4.4792604
-.27869162,1.1999133,.87107241,0,0,0,3.6182206
-.8411302,-.84801638,-.98132384,0,0,1,1.9724096
-.042987164,.0096996203,-.81519473,0,0,1,.55056077
-.058229242,-.11048792,-.89571452,1,3,0,.034142558
-1.8281595,-2.0247498,-.7694329,0,0,1,6.0510664
.25870353,-2.0177648,-1.5046704,0,0,0,-2.045764
.23200123,-.066543467,-.48249951,0,0,1,1.693485
.065365516,.24068724,.23552188,1,3,0,.26192153
2.6274099,.94402778,.82961529,1,2,0,5.6120973
-2.7412307,-1.0567191,-.99532694,0,0,1,6.2035809
.72144443,.60092622,-.04627743,1,2,0,4.0344472
-.77241945,-1.0381892,-.78160483,0,0,0,-.53079623
-1.3102815,-.3629159,-2.896219,0,0,0,-4.5431032
-.54209608,-.55122161,.37769678,1,3,1,2.3737991
-2.2506745,-1.1148388,-.96201843,0,0,0,-1.3148378
.016641742,2.0256119,1.4815389,1,2,1,-3.1168678
.46711153,-.36136964,-.47876552,1,3,0,.5416795
-.8094644,.44210213,1.1700661,0,0,1,-.40688181
-.44383648,-.7632618,-.56739581,0,0,1,1.1712874
.012320452,-.071144715,.44529355,1,3,0,2.6981292
-.53406531,-.15638587,-.3086701,0,0,0,.45843035
-.040521219,.86790693,.28544378,0,0,0,1.5544456
-.18554302,-.18037675,-.071755156,0,0,0,.87757766
-.81572968,-.65320843,.010915738,1,1,1,1.9101927
-1.3579996,-.99397463,.0041191843,0,0,1,2.5224044
-.48823205,-1.2785163,-.96302152,0,0,0,-1.3279456
-.58152217,-1.4959871,-.20532911,1,3,0,.32828388
.7155931,.49288821,1.4322363,1,3,0,4.6851716
.15007043,-.35862067,.66436452,1,1,0,1.7641046
.28969133,-.35049534,.68097568,0,0,0,2.1077945
-.86628348,.014879176,-.66822839,0,0,0,.54991364
.54538018,.34167191,1.0509647,1,3,1,-.57123929
-.21387902,-.17756632,.31590319,0,0,1,.1283769
-.80828273,-1.5310252,-1.0572021,0,0,1,3.475652
-.21385857,-.41086879,.7124474,1,3,1,-.54644841
-.085716315,.859644,.070452586,1,1,0,2.3014598
-.40785852,-.50891775,.73435855,1,1,1,2.4867296
.087894566,-1.3955556,-1.2460084,0,0,1,4.7767406
-.27476287,-.6509499,-.34462655,0,0,0,.0071421722
.75381559,-1.1864792,-1.316121,0,0,0,-1.4437605
-.20989119,.055890553,-.65766203,0,0,0,.20934953
.54990929,1.0310944,-.05787839,0,0,0,3.0191486
-.41518086,-.27393878,-.50085223,0,0,0,.18560663
-1.9179217,-2.1818638,-1.2294542,0,0,1,5.7379441
-.40303409,-2.353713,-.060096432,0,0,1,2.1569076
1.1320589,.7012713,.62120003,0,0,0,3.4356811
-.5687021,-.81384647,-.68838799,0,0,0,-1.1658522
-1.0681348,-1.1132565,.10717011,1,3,1,2.1079946
-1.2660769,-1.0762728,-.66074264,0,0,0,-1.3503358
.048786644,-.33530787,-.66097814,0,0,0,.28539947
-.33606035,-.2398808,-.024620423,1,1,1,.84625322
1.1691742,-1.87717,.32887509,0,0,0,1.1043898
1.1788136,.069488831,-1.977181,0,0,1,-.47941402
.098264173,.54650414,.97245824,0,0,1,-1.0821044
-2.2074835,-.58364069,.89120358,0,0,0,-1.4936489
-.63252556,.37260234,-.3855916,0,0,1,1.2339981
.15090463,.15311436,.8067925,1,1,0,2.6258354
-.8617065,-.97989583,.2894271,1,3,0,-.18074638
.48342359,.91225368,.46770814,1,3,1,-1.0667922
-1.0548251,-.32779196,-.48062655,0,0,1,2.315064
.67933148,-.29645145,-.14502856,1,1,1,.70704508
-.88002098,-.15828127,-1.4723316,1,1,1,4.9799266
-.92301959,-.26779985,1.2242435,0,0,0,-.27612498
-.49437857,-1.0480622,-1.1977391,0,0,1,3.1998451
-.011276873,.86315429,-.16707596,1,3,0,.18478794
2.4329329,1.6501544,1.8567299,1,2,0,7.7163234
.048329543,.49237105,.33325937,1,1,0,1.6215211
-.32813528,-.44885507,-.37764338,0,0,0,.74457616
-1.7946776,-.90206826,-1.0193418,0,0,0,-2.9063649
.1821657,.80855167,-1.0777172,0,0,0,1.9288371
2.6926212,1.7352382,2.4983048,1,2,1,-5.6194043
.78323787,.64470381,.90726542,1,1,0,4.7678542
-.13185611,.9752484,.069276646,1,1,0,.27000877
-.9488647,-.48542309,-1.2163861,0,0,0,-1.2781132
-.045609366,.56250781,-.099850409,0,0,0,3.079489
1.1854342,-.014759446,2.9249332,1,1,0,4.3264976
-1.1146424,.40286732,-1.4093418,0,0,0,.66349447
.78031242,-.079461686,.061742894,0,0,1,-.8195684
-.95581478,-1.1233673,-2.0437875,0,0,1,4.155901
.15611137,-.14488205,-.28065667,0,0,0,.65507162
.15504724,-1.7875245,-1.1075208,0,0,1,5.1435027
.65287131,.34104124,.13811262,1,1,1,1.4172151
-.91342241,-1.7615886,-.11519674,0,0,1,3.1506433
-.86427885,-.80153638,-.40370393,0,0,1,2.9484284
1.2098783,-.43505636,-.78218406,1,1,1,-.12532611
.61759138,-.4140895,.29229629,1,1,0,1.0230931
-.62262201,-1.368508,-.28602573,1,3,1,2.6666574
-.037370164,.44711781,1.115934,0,0,0,1.5312032
-2.0616386,-1.1865824,-.91357446,0,0,1,6.1384654
-.18985897,-.64611024,1.7496926,0,0,0,2.754462
1.6113973,1.629575,1.7702428,1,2,1,-5.3033166
.061744716,.79186356,1.2432023,1,1,1,-2.240258
.35061896,1.46855,.605546,1,2,0,4.102952
-.32543722,-.86846727,.017955886,0,0,1,.88444614
1.2500421,-.56022751,1.2607015,1,3,0,4.2751994
.87577081,-.05184212,-.3904393,0,0,0,1.6759012
.61689097,.58652872,-.461876,1,1,0,2.7107875
-.6049152,.50404388,-.63014466,0,0,1,.76051927
-1.2304807,-.81264681,.051431838,1,3,0,.44172651
.014521087,.44216809,.6173386,1,3,1,1.5612609
.79098397,.027125673,.31394577,1,3,0,.44978452
-.55880016,.7118383,1.1319302,1,3,0,2.394331
-.59596545,-.24957462,-.45541537,0,0,0,.85357541
.12093024,-.078775942,2.121423,1,1,1,-1.4296575
-.099906705,.58306456,.46954638,1,2,1,.20596607
.8550896,.57352793,.90264398,1,3,1,-4.0203872
1.3502434,.65743172,-.61137509,1,3,0,2.7407074
-1.4404305,-1.4561878,-1.2640415,0,0,0,-2.6780262
.15302305,1.4950849,-.42557842,0,0,0,3.1861553
1.35857,1.9378927,1.2432915,1,2,1,-3.8542376
.91666138,.69508898,.43838343,1,1,1,-1.0258214
.79287839,1.7724148,2.3117287,1,2,0,7.4509068
-.53750825,.012766736,.80205494,1,1,0,1.2633866
-.72253907,-.055509955,-.099044807,1,3,1,1.3215395
1.754774,.35193911,.46090057,1,3,0,2.6187499
3.1040857,.5367223,-.65928155,1,1,0,4.4372058
-.19422472,.19543174,.49104053,0,0,0,.82933903
.38650545,-2.0426264,-.99203956,0,0,0,-1.3810139
-.52869564,-.079991743,.16134392,0,0,1,.7894454
1.8300041,2.0399551,1.3110663,1,2,0,6.3472109
1.2537777,2.3758736,2.0027795,1,2,1,-6.2559996
1.2022368,1.6514195,-.65802842,1,1,0,2.5657256
-1.859411,-1.0919888,.057035975,0,0,0,-3.1741021
.49199808,-.57564574,1.1634037,1,1,0,2.501987
1.31321,2.1774147,1.4670182,1,3,0,5.5151143
-1.9578122,-.3236869,-1.4710809,1,3,1,4.8412299
-.056717638,.74676335,.63760698,0,0,1,.071437225
-1.2210374,-.027418913,-.76848727,1,3,1,1.9757794
1.0128289,1.2916949,1.6355336,1,2,0,6.7162433
-.33853424,.075018771,-.57482529,1,3,0,1.0927145
-.59826702,-1.0492792,-1.2642425,0,0,0,-1.602422
1.3989712,1.0874673,.37518042,1,3,1,-2.2230227
-.75168937,-.37772566,-1.1881772,0,0,1,3.7757113
1.5154921,.93043441,.28755194,1,2,0,5.1457214
1.0174341,-.15797161,.64006263,1,3,1,-3.1096807
-.40463027,-.013190544,.25080746,1,1,0,.093738854
.20650388,-.067492172,-.02846521,1,1,0,1.4140859
.40109405,.66803747,1.1156769,1,1,1,-2.1715164
-1.046447,-1.2715367,-1.0559065,0,0,0,-1.5422792
.64811218,.41233879,.080729999,1,1,0,2.2309961
-1.3713318,-2.9090803,-.67092544,0,0,0,-2.4984441
-1.0385661,.32491437,.063943058,0,0,0,.83878511
-1.9798526,-1.5526662,-.36219853,0,0,0,-3.3403363
.39509183,-.13975781,.14660838,1,1,1,-.39439791
-.89449,-1.6181527,-1.3008897,1,3,0,-1.3240569
2.5189738,.69027817,1.5967584,1,2,0,6.6245108
-.17627442,1.4973445,.082030796,0,0,0,1.5457308
1.2221975,.17872937,.098416515,1,3,0,3.724484
-.7805258,-.85714668,.85979664,0,0,0,.32039061
-.8099463,-2.005223,-.39595973,0,0,0,-1.6826972
.072418369,1.0392129,.23852228,1,3,0,2.4525666
-.62966609,-.99023265,-1.4347106,0,0,0,-2.0637252
1.273046,1.5601486,.8497234,1,2,0,4.0547447
-.10015955,-.8650952,-.41986573,0,0,1,2.7844205
.45326433,-.29280826,-1.189563,0,0,1,1.8679402
.43477929,.36988431,.4541223,1,1,0,1.5452806
-.39222234,-1.0384983,.07261648,0,0,1,.3462449
-.4920308,-1.8472015,-1.0653018,0,0,0,-2.5517318
-1.4945946,-2.1023755,.53848594,0,0,1,4.3156533
.20793396,-.37336013,.44904852,1,3,1,-1.174885
.068881452,-.18654658,-2.013833,0,0,0,-.66658288
.50174701,1.3599026,.39505237,0,0,1,-.81084293
-.81020063,-.40497738,-.20840344,0,0,1,2.0577114
.18024568,-.0089454893,.07247486,0,0,1,.58496094
-.36019304,-.91553003,.19029553,1,3,0,1.4366652
1.4236422,.58053178,2.1620615,1,1,0,6.5752292
-1.6325865,-.025828393,-.2097154,0,0,0,-1.1050372
2.3349719,1.6518201,2.2468898,1,2,1,-5.9079018
-.5768978,-.16224527,.91234279,0,0,0,3.4572372
.60866445,-.82392162,-.330185,0,0,0,3.3144715
-1.2393997,-1.2494591,-.36814818,0,0,0,-1.4267464
1.5011102,-.87409753,.54995304,1,2,1,-.4743126
.52848315,1.3140025,1.3160115,1,3,1,-3.7215881
.8197673,-.20673068,-.53476584,1,1,0,1.7361375
-.28218278,-.23307638,-1.0110941,1,3,0,-.63485199
-.028344087,2.2583683,1.3583164,1,2,0,4.0721121
.19106607,-.90284216,-.13527754,0,0,1,3.5601914
-1.4999743,-1.4457471,-1.0060533,0,0,0,-2.2051733
.66419709,.062801816,-.15452321,0,0,1,1.8991207
.71034694,-.099242799,1.4612905,1,3,0,2.7364025
.50962633,-.84992886,-.6910091,1,3,1,1.0442132
-.46374193,-1.027518,.85522681,1,3,1,2.9888127
.94800329,.62946886,1.0454807,1,2,1,-1.8460509
1.4207848,1.5352786,1.1116607,1,3,1,-2.8415539
-.76785553,.29914749,.33937579,1,3,0,.82670355
.81821275,-.09376736,.5967617,0,0,1,-.83508706
-.18688709,.39725712,-1.1381087,1,3,1,.24824888
-.61087662,-.71098769,.52875561,0,0,1,.43792132
-1.0692898,-.096344545,-.38203478,0,0,0,-.70874441
.20373003,.0090742623,1.3630463,1,3,0,4.4719296
-.35520899,-.21690546,.34439632,1,3,0,2.7559185
1.2522274,1.8236643,-.12945615,1,3,0,2.4280994
.4497219,.58142269,.25601751,0,0,0,1.683292
.73654574,.89622122,.27495885,1,1,0,5.2348642
-.32345188,-.067694217,1.0572571,0,0,0,3.2991557
-1.2083837,-.34367052,-.13558821,0,0,0,-.62823445
.24806869,-.48795518,.65679568,1,1,0,1.6593183
-1.4154869,-2.3586133,-1.064427,0,0,0,-4.1164627
-.27796617,1.7307051,1.4133329,1,2,0,4.2139196
-.18359318,.437994,.48575804,0,0,1,.31146291
.12728745,1.1957196,.72551113,1,2,1,-1.2016237
1.570696,1.2920684,1.0140895,1,2,1,-3.9532716
.86247462,1.4716471,1.5046365,1,3,1,-3.6239152
-1.0086639,-.71466988,.30199853,0,0,0,.74403721
-.16800387,-.9615413,-.34713566,0,0,0,-.48058218
-1.143066,-1.1241605,-.60038227,0,0,0,-1.0055233
-1.1307145,-.21212696,-.3262327,0,0,1,1.5303316
-.23789382,.25279754,-1.531812,0,0,1,1.4192065
.35546103,-.21935411,.45240209,1,1,0,3.4719856
-2.2463479,-1.9692795,-1.1086261,0,0,1,6.1932063
.31598732,-.22340086,-.96797681,0,0,0,.44879803
1.1760511,.8940953,1.1040355,1,3,0,3.0999165
-.0090150125,1.909215,.46049583,1,2,1,-2.6219838
1.1012447,-.81090105,-2.2638106,0,0,0,.84656
-.82627052,1.5078197,-1.0243932,1,3,1,1.3386537
.77273321,.4835307,.32435682,1,1,1,-1.9420911
-.0084991688,-.53135639,.26336569,1,3,1,2.1014531
-.19163541,-1.22602,.27963513,0,0,1,1.3722386
-.63891494,.46619007,.17903866,1,1,0,1.8569162
-.085649908,-.45889613,-.22946618,0,0,0,.7925126
-2.8703771,-3.1794131,-2.0100355,0,0,0,-5.9514642
1.5335867,.13640319,1.8142083,1,3,0,5.0950003
.6555106,1.5246749,.24340217,1,1,0,3.3476467
-.0066303173,-.31166458,-1.046041,0,0,0,-1.5629913
-2.016052,-1.20166,.0032908574,0,0,1,4.2281008
.14359178,.27058378,1.6408223,1,3,0,4.823853
1.7960159,1.1720521,2.4953575,1,1,1,-4.948596
2.5355098,1.5278293,1.5086479,1,2,1,-4.93434
-1.856004,-.67016155,-1.413196,0,0,0,-2.1500256
-.14726494,-.76833379,.068958215,1,3,1,1.3614432
-.57989758,-.34612563,-.39563516,0,0,1,1.8101741
-1.0921109,-.31612334,.45257613,0,0,1,.86947829
.82323545,-.51590055,.64999247,1,1,0,1.3750529
.59354341,-.13975456,.38010982,1,2,1,.88666743
1.1662915,1.2285285,.35081923,1,2,1,-1.1183095
.20603721,-.24384393,-.80474263,0,0,0,.0055513643
.84809077,-.18700168,-2.6453812,0,0,0,-.12943842
.42150962,1.1911587,-.68978488,1,1,1,-.76397717
.56168896,1.6713121,1.1593962,1,2,1,-1.9136614
1.0441372,.86679596,1.1226851,1,2,0,3.4408419
-1.6109606,-.80493212,-1.8937354,0,0,0,-4.432456
-.22666827,-1.0881244,.95075959,1,3,0,2.6376092
1.2915369,.37175307,.063063696,1,1,1,-1.4247061
-1.0217361,-.75357383,-1.797483,0,0,1,3.3569522
1.4280015,1.4588361,1.2737888,1,1,0,5.8808208
-.6003167,-.11201756,.41667825,0,0,1,.42771628
.46275851,-1.281433,-.70066041,1,3,1,2.9644265
-.53101975,-1.1312534,-.028211819,0,0,0,-1.4325662
.91574973,.27637577,.14643343,1,1,0,3.0613489
.52477539,.48012686,.030592658,1,3,0,3.1890535
.73180765,1.1242151,.35151067,1,1,0,4.6604915
-1.2770448,.085415252,-1.5575905,0,0,1,2.6083705
-.36362034,-.8175956,-1.4428476,0,0,0,.67724037
.16820122,.34882829,.92071587,1,1,1,.46618557
-.22057074,-.3705478,-.53628671,1,3,0,1.1465402
.46153164,1.3475112,-.024514241,1,3,1,-.75854468
-.30951944,-.86310494,-.94525564,1,3,0,-2.0641971
-.21865833,-.96291733,.41362551,0,0,1,1.8677905
-.054001682,-1.1320148,-1.653021,0,0,0,-1.0055708
-.72383565,1.3733401,.69655585,1,3,0,1.6189822
-1.1799595,.62442124,-.75842392,0,0,1,3.250731
.21969916,.097522452,-.056209452,0,0,1,1.5400579
.44872931,.25778016,.51464349,0,0,0,1.3307935
-.62676066,.46452299,1.7249968,0,0,1,-2.6141398
-.28487459,-.74499142,-.15270878,0,0,1,3.10167
-1.0463481,-1.7649964,-.086993441,0,0,1,3.093236
1.4967271,1.5901217,.78703403,1,2,0,5.5840731
.5625934,.17586565,1.0778797,1,2,1,-.29429659
1.3448112,.73010188,.10889795,1,3,0,2.1469171
-1.3022377,-.42314756,-.15708761,0,0,0,-.56795651
-.6301586,-.65786994,-1.478397,0,0,1,3.9485571
.99270445,2.0405729,2.0464382,1,3,1,-4.6109247
.32075766,.6930958,.6293999,1,3,1,-1.1590977
.89916915,1.9829084,-.40722141,1,1,1,-2.2073154
-.77305347,.54849929,.314482,1,3,1,-.52702606
-1.2864203,-1.4466159,.15095077,0,0,0,.13171525
-.30678663,1.5604229,-1.4460149,0,0,0,-.39190769
.013486653,-.72245616,-.26504439,0,0,0,-.39902267
.087765157,-.30103323,.56190699,0,0,1,2.1077156
-.99698508,.42802656,-.34940633,0,0,0,.76990002
-.21050699,-.27525586,.49680561,0,0,0,2.4900961
.24720052,-.27654356,-.069762975,1,3,0,1.9594518
.46592095,.40705919,.73289365,0,0,1,-.26724643
.058727168,.87760341,1.1186231,1,3,0,4.3866882
.49712479,.8895188,.76650167,0,0,0,4.231401
.48534921,-.25524029,-.0142986,1,3,1,.2012348
-1.0384049,.13430379,.67515075,0,0,0,.31197676
.99735844,1.3836379,-.85483962,1,1,0,2.1080651
.53926539,-.19084552,1.4018795,1,3,1,-2.0176401
.36241499,-1.2275512,1.9905434,1,3,0,2.4732223
.25309637,.74120885,.13351022,1,3,1,-.64688456
.75654233,.84353811,.069276035,0,0,0,2.2489738
1.8902544,1.2003449,.18051581,1,2,0,5.4315157
.34655595,.55188161,1.2043532,1,1,1,-3.1849139
-.44370726,-.49249774,-.89775908,0,0,0,1.414201
-.10946178,.67481178,.48342246,0,0,0,1.8367549
-.83885837,-.095994875,1.2827778,1,3,0,1.7139227
.40032375,-.098812036,.21728151,1,3,0,4.4167199
-.037971523,-.37459779,.74139571,1,3,1,-2.2189298
-.18976553,.60469854,.45990661,1,3,0,2.4342873
-.77789265,-2.3173518,-1.3441272,0,0,1,3.0872931
.18394756,-.48320895,-.19848292,1,3,0,1.1354151
1.1396042,1.0460718,1.7190297,1,2,0,5.7724137
.78977555,1.3921076,1.0584934,1,3,1,-1.3004804
.057156339,-.70095158,.47804525,1,1,1,2.7971776
1.0622624,-.7629177,.35076928,1,2,1,-.97613555
.58547962,.98347682,.70475018,1,3,1,-.8468523
.70105362,.65201551,1.9020888,1,1,0,5.4849782
.65260297,-1.4682814,.095945299,0,0,1,1.4254057
-2.6158304,-1.0203323,-2.4461713,0,0,1,6.7196755
1.600947,2.6532915,1.7910955,1,2,0,8.3226948
.21490149,-.47776496,.48560452,1,3,1,-.41793829
.51819736,1.4653614,-.34427732,1,3,0,1.3200533
-.30681726,-.051485199,.31022167,1,1,1,-.08834967
.29809862,-1.3204346,-1.0235875,0,0,1,2.4998157
1.3725897,-.57757401,.1737594,0,0,1,.089413293
-.2137862,.91552097,1.814896,1,2,1,-2.0570776
-1.5126259,-.93346345,-.0084908837,1,3,0,-1.4681404
.67133111,.068486139,.67699802,1,1,0,3.5145664
1.733197,2.2212353,.40230572,1,2,0,7.5611372
-.53038019,.018407816,.0060463189,1,3,1,.28813723
-.17796674,-.31576443,.26825735,1,1,0,1.9279342
1.2980012,1.4988642,1.3204261,1,3,0,4.9265709
-.054003201,1.3463053,.64043218,0,0,1,-.011382526
-.16725239,-.44847691,-.80921799,0,0,0,1.0679231
-.50716221,-.18876834,.0088979984,1,3,0,1.1449709
2.0459745,1.3262045,.6214205,1,2,1,-3.0289764
.35924628,.4847233,-.32584402,1,3,0,.79486942
-.76306206,1.0872188,.85377699,1,3,0,2.3662043
-.24784283,-.031406272,-1.1974906,0,0,1,1.7228677
.67421663,-.46155179,-.0005116206,1,1,0,3.5727735
.65790349,-1.10235,.2594243,0,0,0,-.47326234
2.4835496,1.6391551,1.165717,1,2,0,7.3050852
-1.0651207,-.79755104,-.54689205,0,0,0,-.22884028
.088082775,-.2130191,-.63457972,0,0,1,.39071447
.52892137,.1940681,1.1657964,1,1,1,1.3844247
-.22963499,1.2586733,-.04934172,0,0,1,-.35264501
.52817023,-.1789096,-.34616461,1,1,0,3.292166
.086379699,2.1285863,.22026116,1,3,1,-2.4450285
.40932536,-.033796772,-1.4910761,0,0,0,-.076251663
.32632342,-.092966042,-.61536163,0,0,1,1.2103996
1.6089934,.58778763,.68619859,1,3,1,-3.4249139
.97695929,.25645736,1.0025902,1,1,1,-2.720319
-.96109253,-.20437764,.52805954,1,1,1,2.3849001
-.4495742,-.086113185,-.23388293,0,0,1,-1.1571252
1.4435581,1.7428429,-1.2414976,1,3,0,4.0808544
-.092534944,-.078387894,-.3613162,1,3,0,2.6430168
-.51557946,-.10446297,-1.0907593,0,0,0,-1.0945007
-.31360936,-.74513233,-1.5096787,0,0,1,3.0870929
.52278537,.55798948,-.71088398,1,3,0,1.289767
.036707599,-1.5623529,.12960641,0,0,0,.68062097
.38055977,-.43120027,.077622443,1,3,1,1.6923438
-1.2206608,-1.0456302,-1.2138197,0,0,0,-1.6559846
-1.3362783,-1.0903244,.32611814,0,0,1,2.5633218
-.52996945,-.24380031,.27233392,1,3,1,2.1037929
-.88265985,-1.0481201,.9237538,1,1,0,.62244505
-.032271512,-.74586499,-.80587739,0,0,0,1.1086546
2.3391643,2.363414,1.2725028,1,2,0,6.1475987
1.1275387,.65409273,.69522381,1,2,1,-3.2872896
-.24496172,.51597989,.75321513,1,2,0,.70257014
-.473961,-1.046047,-.63204229,0,0,0,-.31280851
-.087008946,-1.4382786,.98586833,0,0,1,.99924618
.28936324,-.1778858,-.59057653,1,2,1,.65240711
.49590665,.67600977,.9507395,1,2,1,-1.3943424
1.4863691,-.065600529,.026444396,0,0,1,-1.1596829
-.58188391,1.1045918,.90008914,1,3,0,3.1826606
-.32551464,.057107423,-.46067184,0,0,1,1.2668654
-.7789169,-.84530449,1.2153565,0,0,1,-.15303063
-.4719516,.54156733,.77909476,0,0,0,1.7042159
1.1772979,1.8943353,1.6255728,1,2,1,-3.6973107
1.1378831,.9020378,1.5756315,1,2,1,-3.4440494
1.4099272,2.0554621,2.1546667,1,2,1,-5.7479434
-.83585024,.52255768,-.58748734,1,3,0,.63799214
.84362435,.67773747,.84657705,0,0,1,-1.2059692
.30128336,-1.4869628,-.12801233,0,0,1,3.1727092
-.08325424,-.014187462,.15134843,0,0,1,-.67160034
-.17621234,.371115,.60809559,0,0,0,2.042028
-.0031195907,-.56305587,.13730614,0,0,1,-.25890943
.1798925,-.59941953,-.64064145,1,1,0,2.3370507
-1.2828863,-1.4854481,-1.7946439,0,0,0,-3.9107325
.47569963,-.0059592375,-.27770773,1,1,1,-.43907192
1.1343219,1.0712827,1.6808532,1,1,0,6.3313432
.092138112,-.2386422,-.78210235,0,0,0,-.26028293
-.10626527,-2.4164186,-1.5231477,0,0,0,-2.5640852
.14759038,-1.9231132,.06552919,0,0,1,2.0032084
-.42341867,.84046531,.87038004,1,3,0,.78764987
-.59457135,-1.0926499,.10571717,1,1,1,1.2037591
.73747998,1.4553961,-.78939545,1,3,0,3.231046
.11934148,-1.0062534,.0035759094,1,3,1,1.2932487
.16114318,-.67818898,.57066,1,3,0,1.7754132
-.53121579,-.84072065,.72432202,1,3,1,-.11918211
-2.3697913,-.034880016,-.92900336,0,0,1,4.1928377
-1.9677218,-1.4198513,-2.3980868,0,0,1,6.8551931
-1.2803029,-.9078961,-1.4881282,1,3,0,-1.1115992
1.2908062,1.9734684,.98234385,1,1,1,-2.9030354
-.79974222,-1.3529254,-.55551094,0,0,1,3.0284736
.98916215,1.9563903,.33629313,0,0,0,5.9260616
-1.0112875,-.43485403,-.5279367,0,0,1,3.382113
2.4032049,.11211967,.86683804,1,1,0,4.5711465
.32860401,.78349531,-.38224414,1,3,1,.076297857
.14924859,.44711953,.42313626,1,1,1,-1.2954744
-2.5523686,-2.5522883,-1.1114579,0,0,1,7.4055653
-.45974663,.054701719,-.057102997,0,0,0,1.3358452
-.35905334,.22464173,-.82241881,0,0,0,.1011616
-.63535613,1.5998605,.65915769,1,2,0,2.4943206
-.28277889,.25074589,-.058249757,0,0,1,.47465229
1.2856957,1.3244096,1.3761197,1,3,1,-3.3758671
-.55715317,-.18403766,-.36946324,1,1,0,.021808835
-.30241612,-.9138515,-.12115873,1,3,1,.68861777
.89514738,1.2854984,-.3190574,1,3,0,4.0398974
.53499287,1.0274335,-.59325826,0,0,0,.98859346
-.3148047,-1.8866644,-1.6432976,0,0,0,-1.3625697
-1.1034256,-1.3293357,-1.429473,0,0,0,-1.9736512
.29121995,-.64038038,.68397629,1,1,1,-.85604084
-.37774941,1.8958879,.04318535,1,3,1,-1.341868
-.33951747,.14536124,1.0030837,1,2,0,1.9573122
-.2384703,-.88492113,-1.3720932,0,0,1,3.4800828
.45038664,-.23583092,.36433983,1,1,1,.1550204
-.064771071,-1.0637352,-.19330512,0,0,0,-.62370872
.21867691,.58377331,.24873224,1,3,0,3.2435071
.89190829,-.34391615,-1.1184075,0,0,1,2.1804652
-.88400018,-.70806557,.026862137,0,0,1,4.1735477
-.66124582,-1.4711627,-.3603332,0,0,1,3.1294565
.01470563,-.43087253,1.6761758,1,3,0,1.0946211
1.0724856,-.36143631,.064114787,0,0,0,2.472677
.13073736,1.9816685,.071570747,1,1,1,-.27651766
.73527253,-.1888679,-.58704919,0,0,1,.92234927
-.4764753,-.20510353,-1.524105,0,0,0,-.7320593
-.30796266,.68113595,-.69025993,1,3,1,.29849032
1.0763782,-.12905207,.89207256,0,0,0,2.61216
-1.84096,-.68636811,-1.4476776,0,0,0,-2.2897913
.9169876,1.5511401,.79391921,1,3,0,4.8419876
.33972654,.78506523,-.50825328,0,0,1,.88609284
.86832839,-.50079393,-.61217231,1,2,1,-1.0731564
.40908062,-.77612895,-.98640323,0,0,1,1.3842101
.53714633,2.1097889,.45112672,1,1,0,3.3472142
.28248486,1.2229115,.29135567,1,3,0,2.6204925
-.20752077,.54765439,-.063140459,1,2,1,.62324649
-2.0377278,-1.6826825,-1.284428,0,0,1,4.8998556
-.31221679,.11801954,1.5822332,1,3,0,2.7176049
-.44455642,-1.4507674,-.83244848,0,0,1,3.2834435
-.29609239,-2.06622,.0093048532,0,0,0,.15540978
.23263153,-1.0915133,.80985546,1,3,0,.6733343
.38972181,1.3519331,-1.393043,1,1,1,-.41427135
-.079439491,-.7296024,-.9618904,0,0,0,-.1283461
.47047099,.51348215,1.3381479,1,1,0,4.606935
-1.8327335,-1.3352895,-1.5901732,0,0,1,4.3003569
.43376261,-.18422855,.30656356,1,3,1,-.43894243
-.60432416,-1.2995167,-2.7712386,0,0,0,-3.1690552
-1.1598104,-.21921547,.13262239,0,0,0,-.0082535455
.72158557,1.1187361,.59626096,0,0,1,-1.9133162
1.1545137,-.015896214,.85539991,0,0,0,3.6564229
.53110349,.98848951,.042078376,1,3,1,-1.4465783
.60404414,-.14337416,2.0355284,1,1,0,2.9712715
-.50150627,-.57641232,.028833644,0,0,1,1.5683957
-1.4200209,-1.5278107,.22273692,0,0,1,2.5098441
.37739161,.64119965,-1.2683302,0,0,0,3.1024957
-.087602571,.061040606,1.0679604,1,3,0,2.0584645
-1.4002171,-1.2366807,-1.5178239,0,0,0,-.60905194
-2.0036652,-2.3508658,-2.2864714,0,0,1,6.5601287
-.47767311,.85574591,-.75912434,0,0,0,2.0834334
1.689286,-.21682981,.33617589,1,3,0,3.1662974
.35344404,.83659208,-.27786672,1,3,1,-1.0754312
.42565536,-.25212896,-.25027686,1,1,1,1.4083061
-.2433228,1.0634404,-.28290963,0,0,1,-1.3021896
.6742658,-.15275195,1.2742976,1,1,0,1.8575794
1.5090955,-.59535772,-.41017252,1,3,0,1.4351137
1.1631749,.017602477,.71486497,1,1,1,-.64188129
.30638951,.055165529,.90867722,1,3,0,3.352536
-1.3940163,-.1414182,.056980826,0,0,0,.85454661
.22226064,.23420148,1.3213552,0,0,1,-.98815495
-.46748474,1.5325627,.32321066,0,0,0,1.859074
-1.5732043,-.35559994,-.027223509,0,0,0,-.22882816
.20914815,-.14530857,.025835516,1,1,1,.21547312
-1.0148705,-.025603348,-.58690482,0,0,0,-1.0891767
2.2202148,.79157227,.85967892,1,2,0,4.9200988
-.23445463,.24125786,-.68388397,0,0,1,1.1784939
-.089070596,.10512022,1.1136972,1,1,0,2.6509037
.2072472,-1.1689342,1.4413382,0,0,1,1.5471431
.62923151,-.03455748,-.14859426,1,1,0,1.172256
-.86787778,-.42428747,.096081123,0,0,1,1.771281
1.2324798,.53073084,-.64105427,0,0,0,3.3387887
-1.1566312,-2.3946242,-1.4094847,0,0,1,5.0295835
-.69190735,-1.241853,-1.2009515,0,0,0,-2.6188815
-.17621231,-.18282154,-.93237036,0,0,1,2.1413729
-.28586185,-.16083601,.85691828,0,0,1,.33209348
-.46355829,.87642032,.37488195,0,0,1,-.56856561
.13882871,-.29642671,.17752765,0,0,1,-.66988629
-.79365486,.28823373,-.61436898,0,0,0,.33738968
.71483445,.9694494,-.60401416,0,0,0,1.9433309
1.9640251,1.3020964,2.3416233,1,2,1,-4.786654
.31278256,.45225912,-1.1040438,1,3,0,1.0867887
.7245307,.055698935,-.49563354,1,3,1,.69549531
-.56750417,.95562577,-1.3669454,0,0,1,.6101377
-.74585164,.30675843,.68950194,1,3,0,3.5593166
-.022237873,.089686155,1.0680934,1,3,1,.11898628
1.6416973,.28399134,.92965651,1,3,1,-1.957135
.48045218,.34368923,1.1933962,1,3,0,3.4290726
.76426965,.28495583,.29626319,1,3,1,.4479363
-.57946301,-.41733998,-1.664766,1,3,0,-2.3299394
-1.3971124,-2.8221912,-.67601532,0,0,0,-1.261106
-.62206346,-1.3401682,-1.4044524,0,0,1,4.3358717
.57047391,-.010153141,-.22512585,0,0,0,.63115352
.59796977,-1.2469754,1.1083713,0,0,0,3.530561
1.11567,.92129469,1.2468563,1,2,1,-3.3899937
-1.8694644,-.68842357,-.22535405,1,3,0,-.81914359
.23207943,.64645332,-.5266189,0,0,0,2.4662671
-1.5742905,-1.2655427,-.25046769,0,0,0,-1.5129333
.061641905,.26470584,.34072632,1,2,1,-1.4414841
-1.2310227,.6038003,-.10456425,0,0,0,.071324669
.61663681,2.614826,.10550412,1,2,0,4.339262
.1479432,1.7392875,2.3920546,1,2,1,-3.0294809
.84765202,.364483,.65245521,0,0,1,-2.4578502
1.8422401,.14579545,1.2971929,1,3,1,-1.7409757
1.6547141,.28513226,.0064653102,1,1,1,-1.0347906
-.56098688,-.11330509,-.38756794,1,1,0,.59735185
.64601594,-.37794521,.26020202,1,3,0,1.8802311
2.136699,1.5506482,1.1850175,1,2,0,6.3869257
-1.5325823,-.64368963,-.66666985,0,0,1,4.3336024
.90201986,.55949837,-.46576476,0,0,1,-.045767084
1.0150497,.81699491,.11638474,0,0,0,2.8901417
-.12882033,.071166039,1.5542384,1,2,1,-.83698213
-.61876345,-1.8951508,-1.3890493,1,1,0,-2.133956
-.75121689,-.010535249,.28385347,1,1,1,-.036852054
-.13508837,.6722309,.24919704,0,0,1,-1.4051206
.57302952,2.2496409,.24720417,1,1,0,3.5941715
-.94007695,-.73478115,-1.3453212,0,0,1,5.0064573
-.2093242,.063152283,-.037276767,0,0,0,2.6332624
.76764464,-.53616315,.66820782,0,0,0,2.317251
-.5071004,-.33504388,-.49389267,0,0,0,.89777178
1.9662251,1.3874035,-1.3110031,1,1,1,-2.5503092
.083925717,2.185276,.76207298,1,2,1,-2.6300149
1.1577775,.63178629,1.0542194,0,0,1,-1.1704918
.31983852,1.6013131,-1.1041136,1,3,0,2.027277
-.80189723,-1.3555976,1.3280795,0,0,0,1.9868743
-1.1935918,-1.3477716,-1.1567833,1,3,0,-4.8872852
1.6808832,-.27638003,-.44022617,1,3,1,.32730141
-.081851654,.61185169,.1728462,1,1,0,2.8011196
-2.0764401,-1.7059288,-2.4804621,0,0,1,7.0734615
-.74785864,.61659265,.20811406,1,3,1,-1.322324
-1.3109114,1.1196808,-.77572829,1,3,0,.57392949
-.38997608,-.46370864,-.34471878,0,0,0,-.36068958
-.97971129,-1.0106834,-1.035838,0,0,0,-.71935821
.40315029,-1.4587283,.072122969,0,0,0,.6248666
.85254037,.49636707,-1.6345392,0,0,0,-.57250643
.53038257,1.3624293,1.2202489,1,3,0,4.6309295
-.76834196,-.34185863,-1.5312418,0,0,1,3.7030103
2.8577166,3.4166503,2.4447072,1,2,1,-9.1096277
-.40201005,-.0063945716,-.89498991,0,0,0,.7469182
-.92491847,.30123264,.48223701,1,3,0,1.2483464
-.63611156,-1.2854521,-.40511143,1,3,1,1.7065083
-.57802033,-1.2483383,-1.8474782,0,0,1,3.8594594
.61149877,.92407691,.48083302,1,1,0,2.3975198
-.092645638,.7297951,.6081267,1,3,1,1.5127612
.52915639,.32224524,.4393605,1,3,1,-.99015731
-.42630604,1.8192068,-.68032181,1,3,0,2.1105909
-1.1526047,-.60485417,.013256848,0,0,0,-.1594338
-1.0065067,-.76183659,-.11126842,0,0,1,4.6037169
.87808198,1.4669645,2.635745,1,2,0,6.2237864
.10903685,.84313124,.042105924,1,1,1,-.64039844
-.59759825,.60008144,.5965572,0,0,1,-.34905902
-.0055191265,1.0533159,-.61686331,1,3,0,-.13467583
.20568623,.76555103,-.73258913,1,3,1,1.5494429
1.1538551,-.25149632,.17083135,0,0,1,-.84877181
.16880766,-.47872126,.1321426,0,0,1,.29369593
.75329095,1.0349429,-.44524291,1,3,0,2.9335968
1.8741763,.44784299,.76511323,1,1,0,3.7678874
-.52724117,-.16562042,.44561991,1,3,0,2.7573402
-.61830431,-1.0186028,-1.7557544,0,0,0,-2.9970057
.019493794,.64296591,-1.2360994,0,0,1,2.278892
.88370204,1.965724,1.7244205,1,2,0,6.4029303
.97179681,-.010712325,-.76606935,0,0,1,2.2735295
.014459094,-2.0613277,-1.8467199,0,0,1,4.2199259
-.99443275,.25693417,.10615057,0,0,1,2.8044317
-1.5720962,-1.6297642,-.77371705,0,0,1,4.1220093
1.0841374,.85230356,.30355918,1,1,0,4.04111
.028718637,.22826883,.12061231,1,3,1,.70805055
.26912621,-.09119229,-.9237538,0,0,1,.99479294
-1.0179261,-.35741407,.99688351,1,3,1,3.0974567
-.93148261,-.36433512,-.030083021,0,0,1,3.0482273
-.501894,-1.0904616,.55069923,1,3,1,.84838915
-.39532614,-.88078016,.52017534,0,0,1,3.8260012
.92121643,-.23157226,-.067422785,1,2,0,1.5512551
-.94304335,-1.1583221,-.68997502,0,0,0,-1.7891465
.51666749,.46789473,1.4067299,1,2,0,3.8799345
.17758365,-.33473167,1.4572544,1,1,0,2.0415916
.14298593,-.75740409,.056042142,1,3,1,.0015537122
-1.3527799,-.22786851,.10975315,0,0,0,.092487946
.054378077,-.52884233,1.5943984,1,3,0,3.8703783
.32547253,.83294022,.47091508,0,0,1,.13176888
-1.9774057,-.40294534,-1.5325942,0,0,1,5.4042497
-.49049959,1.386007,.015926925,0,0,1,-1.4130423
.75340521,.28028876,.72231865,1,3,1,-2.136903
-.14720891,-.52399147,-.96640688,1,3,0,-.38845545
-.16990775,1.3758593,.40907198,1,1,0,3.6014721
.7380783,.10954079,.78851622,0,0,0,3.0440304
-.96674269,-1.3798909,.12487169,0,0,0,-.98632216
1.1910541,1.0122269,.66040105,1,2,1,-3.0243216
.67026949,.94562936,1.4459833,1,2,1,-3.8441072
.39239827,.30612311,-.66250062,0,0,0,1.9248626
-.6115002,-1.5654107,.38048211,0,0,0,-1.4443793
-2.0577347,-1.5131047,-3.1800737,0,0,0,-6.1536722
1.2015105,2.5536058,1.6384197,1,2,0,7.7169914
-.087265164,1.957449,.30067623,1,2,0,3.576405
-.24136367,1.1753657,-.66601437,0,0,0,2.1321957
.49316326,-.52189243,.30720606,1,3,0,1.5552248
-.27300042,.2718392,-.56934774,1,3,1,2.0472686
1.0346189,1.5337211,.62101573,1,1,0,3.01986
.74402142,-.12790096,-1.31154,0,0,1,1.4075342
.33212116,.24111697,-.47687426,0,0,1,1.036258
.94024885,1.4444611,.96638495,0,0,1,-2.6906912
-.42814982,-1.0854158,-.58430809,0,0,1,1.805498
.1432822,-1.0852766,-.49587154,0,0,1,1.334233
-.21204731,.50682247,2.574358,1,1,0,2.1614935
.22120063,.86703891,1.4302925,1,2,0,4.0945144
.37570331,-.18144561,-1.656664,0,0,1,1.0033537
1.142812,2.3095047,.42758551,1,1,0,6.1508327
.68686783,.0041015851,.8378728,1,3,1,-.74672294
2.0446634,-.30289567,-1.6206108,1,2,1,-.6887728
2.6007817,1.8474487,1.5159124,1,1,0,8.2472267
-.12011106,.5622493,.5251646,1,1,0,4.5147901
1.2468405,1.3030593,.45570621,0,0,0,5.7155557
-.33298054,.77113986,.51681304,0,0,0,2.223201
-.13483721,.84669828,1.0665812,1,1,0,3.0870588
-.98410428,-.051804911,-.62709635,0,0,1,1.4219117
-1.1259407,-1.099332,.3163569,0,0,0,-1.0334314
.43408948,-.34950176,.7201221,1,3,1,-.15778619
-.52193761,.35129666,-.000017798597,0,0,1,3.4728682
-.64077604,-1.6626273,-1.1303805,0,0,0,-1.9706377
.0092984922,-1.0113493,-2.0743957,1,3,1,4.9029408
-1.2081773,-.91037571,-1.1612588,0,0,1,4.3890948
-1.6585574,-1.9003614,-.24373709,0,0,1,4.2043591
.47393668,1.0120461,1.270486,0,0,0,4.115696
.90184569,1.0880386,1.1896863,1,1,0,6.091723
-.28023791,-.26601434,-.43882737,0,0,1,2.2794106
.7056905,.93081141,-.52397037,1,1,0,3.3202884
.42847955,1.3008628,1.193756,1,1,1,-2.0094674
-.22856377,-.37096977,-.91625929,0,0,1,2.2353709
-.60026872,-.013821206,.59969258,0,0,1,1.4549546
.15757225,-.056981325,-.692882,1,1,0,.92097896
-3.5423217,-1.3018399,-1.1409693,0,0,1,8.0428877
.069479793,.46382457,.28369537,1,3,1,-.90276599
-.035819367,-.044943251,.35979035,1,3,1,-2.147141
1.1143141,.92132187,1.1870197,1,1,0,5.4232712
-.44434112,-.18059529,-.6416195,0,0,1,.40969458
.632433,.10955577,-.27298093,1,1,0,3.5178142
.53976506,-1.1485126,-.95562553,0,0,0,1.5662183
-.80021024,.10884744,-.52697164,0,0,1,1.7818135
.17382161,.24191618,-.35834506,1,2,1,.22630297
-1.1520683,-.45156837,-.79029709,0,0,0,-.34376836
1.172937,.66092569,.15490793,1,1,1,-1.5697292
1.3464731,-.79065138,.37321967,1,3,1,.64245284
.074279942,1.5485369,1.0866975,1,3,1,-3.3692739
-1.070575,-1.1263686,-.32540581,0,0,0,-.46163788
.068435207,1.4715154,.85112292,1,1,0,5.0091829
-.2286323,-1.3968842,-1.0279207,0,0,0,-3.2301176
1.4867978,1.3572402,.65609097,1,1,1,-3.0286758
-1.5115191,.30763772,.11360831,1,1,0,.53302437
1.4904577,.82477993,.87460721,0,0,0,2.4441824
.29104602,.96171814,-.91653901,1,3,1,-1.4370854
-.38748613,-.27600363,-1.3489904,0,0,0,-1.4814521
.48406148,-.73611403,-.54599851,0,0,0,.81169933
1.0680156,.94060463,-.34308797,1,1,1,-2.0616
.51821744,-.11075741,.14518988,1,3,1,.36266038
-.42589319,-1.745142,.60878307,0,0,1,1.4554409
-.74417448,-1.0310479,-.30821598,0,0,0,.081089526
-.55821085,.16068022,.1613398,0,0,0,.96600902
1.034418,1.2446197,1.2640938,1,1,1,-1.9687462
-.56286424,-.76536506,-1.7813578,0,0,1,2.1724613
-.43562698,-.26050025,.085271068,0,0,0,1.082544
.051039133,-.31406033,-.077756085,0,0,1,1.7327518
3.4004498,1.1623267,1.7844914,1,1,1,-4.3953118
.063050792,-.33577386,.23064771,1,1,0,2.7352812
.48115218,-1.0773023,-.098055258,0,0,1,2.4757326
-.073370412,.099050388,-.68281847,0,0,0,1.0374423
-1.0011988,-.44772938,-.97892267,0,0,0,-.2332308
-.55489451,-.85249639,-.79196113,1,3,0,1.4614974
.30954301,-.10768579,.11983845,0,0,0,2.1300719
.55054247,-.45778704,-.74038726,0,0,1,1.1426481
.023770787,-.54538697,.87897635,0,0,1,.56579024
-.048068959,-.00045796167,.29085836,0,0,0,2.1340017
1.3409147,1.9842569,2.9835148,1,2,1,-4.3234615
1.2521209,1.0168178,1.7846618,1,1,1,-4.6310277
.68371969,.29009303,-.22125974,0,0,0,1.9277573
.70399201,1.1567643,.31679466,1,1,1,-2.4471562
-.022197301,-.92194742,1.5389063,1,1,1,-1.0452042
.073639594,2.2049432,.54961675,0,0,0,4.526896
.47050524,.43876263,.7794888,0,0,1,-3.1284113
-1.7162298,-2.0252326,-1.9087254,0,0,1,6.2950368
-.4889946,-1.3097249,-.55432898,0,0,0,-.80145425
-.047899429,.022782732,-.070573904,0,0,0,1.9363664
.42523366,.67784798,-1.8063053,0,0,0,1.3414404
.6626603,.44856268,1.0605307,0,0,0,5.2078924
.72591472,.98649466,1.2421952,1,3,0,3.3168623
-1.1663082,-.57845193,-.40466565,0,0,0,-2.272568
-.95866972,-.33533847,-.17092404,0,0,1,3.9429619
-.50399739,1.07298,.16521284,1,1,0,2.181674
1.0158842,2.1908629,1.2436943,1,2,0,6.7706451
-.28817958,.48448789,.3752265,1,3,0,2.0180116
.13067764,.50396013,-.30888313,0,0,0,.49962622
.16585141,-.78339756,-.60871994,0,0,0,-2.233206
.42382073,1.0395646,.39670953,1,1,0,2.8126662
-1.6142076,-.64590484,-.75430185,0,0,1,2.590735
1.5158598,-.30103388,1.0379127,1,2,0,3.2775748
